mass_g,year,reclat,reclong,time_period,mass_kg,us_state
32000,1899,42.53333,-85.88333,1950 and older,32,michigan:south
3200,1898,44.61667,-70.75,1950 and older,3.2,maine
5070,1932,38.5,-94.3,1950 and older,5.07,missouri
9500,2009,31.805,-97.01,2001 to 2010,9.5,texas
265,1933,34.75,-87,1950 and older,0.265,alabama
1384.2,1945,34.31667,-96.15,1950 and older,1.3842,oklahoma
2830,1938,36.8,-108,1950 and older,2.83,new mexico
3700,1929,35.96667,-82.48333,1950 and older,3.7,north carolina:main
345,1922,34.5,-88.66667,1950 and older,0.345,mississippi
21000,1892,45.41667,-98.31667,1950 and older,21,south dakota
86000,1902,38.25,-83.75,1950 and older,86,kentucky
2900,2012,40.66813,-117.18913,2011 to current day,2.9,nevada
611,1916,36.75,-93.5,1950 and older,0.611,missouri
16000,1929,39.8,-101.2,1950 and older,16,kansas
375,1961,33.6,-96.46667,1961 to 1970,0.375,texas
1770.5,1938,39.08333,-89.15,1950 and older,1.7705,illinois
960,2004,40.30583,-105.02325,2001 to 2010,0.96,colorado
13.9,1859,42.53333,-73.83333,1950 and older,0.013900000000000001,new york:main
6000,1843,34.16667,-80.28333,1950 and older,6,south carolina
705,1941,40.91667,-78.08333,1950 and older,0.705,pennsylvania
2381,1906,36.83333,-97.33333,1950 and older,2.381,oklahoma
5100,1909,31.83333,-98.83333,1950 and older,5.1,texas
67.8,1938,40.48,-89.00417,1950 and older,0.0678,illinois
762,1886,40.5,-80.08333,1950 and older,0.762,pennsylvania
1504,1990,37.62194,-82.23722,1981 to 1990,1.504,kentucky
48500,1886,35.5,-93.5,1950 and older,48.5,arkansas
1400,1973,38.47028,-105.24139,1971 to 1980,1.4,colorado
2300,1846,37.26667,-89.58333,1950 and older,2.3,missouri
7300,1874,36.08333,-78.06667,1950 and older,7.3,north carolina:main
94,1848,44.38333,-68.75,1950 and older,0.094,maine
1360,1810,36.5,-79.25,1950 and older,1.36,north carolina:main
45.6,1956,43.2,-96.91667,1951 to 1960,0.0456,south dakota
4300,1835,36.16667,-87.33333,1950 and older,4.3,tennessee
8400,1933,35.03333,-81.88333,1950 and older,8.4,south carolina
303,1938,40.93333,-79.73333,1950 and older,0.303,pennsylvania
1455,1984,32.1025,-81.87278,1981 to 1990,1.455,georgia
104000,1917,44.9,-90.28333,1950 and older,104,wisconsin
469,1994,43.76111,-84.50778,1991 to 2000,0.469,michigan:south
78.4,1936,35.95,-97.58333,1950 and older,0.07840000000000001,oklahoma
167,1892,35.63333,-78.13333,1950 and older,0.167,north carolina:main
17000,1919,36.83333,-84.35,1950 and older,17,kentucky
6000,1877,38.4,-84.25,1950 and older,6,kentucky
2000,1868,34.4,-87.06667,1950 and older,2,alabama
28,1829,40.25,-74,1950 and older,0.028,new jersey
230,1967,39.7825,-104.93056,1961 to 1970,0.23,colorado
5000,1827,36.4,-86.5,1950 and older,5,tennessee
10000,1947,40.78167,-96.47167,1950 and older,10,nebraska
680.5,1998,39.24667,-104.58817,1991 to 2000,0.6805,colorado
320000,1879,43.41667,-94.83333,1950 and older,320,iowa
89400,1890,39.75,-97.03333,1950 and older,89.4,kansas
56000,1934,35.55,-77.53333,1950 and older,56,north carolina:main
2360,1934,36.05,-94.16667,1950 and older,2.36,arkansas
3200,1900,32.53333,-87.16667,1950 and older,3.2,alabama
220,1889,36.1,-81.41667,1950 and older,0.22,north carolina:main
17600,1894,47.81667,-96.85,1950 and older,17.6,minnesota
3640,1922,30.83333,-97.76667,1950 and older,3.64,texas
152000,1890,43.25,-93.66667,1950 and older,152,iowa
6067,1924,36.78333,-78.08333,1950 and older,6.067,virginia:main
16300,1829,33.01667,-83.96667,1950 and older,16.3,georgia
650,1868,34.48333,-87.83333,1950 and older,0.65,alabama
102,1950,41.68333,-112.13333,1950 and older,0.102,utah
3710,1959,41.38333,-86.6,1951 to 1960,3.71,indiana
8360,1961,32.675,-94.51167,1961 to 1970,8.36,texas
680,1859,38.25,-86.16667,1950 and older,0.68,indiana
220000,1912,34.9,-110.18333,1950 and older,220,arizona
230000,1875,41.8,-91.86667,1950 and older,230,iowa
266.1,1963,39.35,-100.45,1961 to 1970,0.2661,kansas
880,1917,39.08333,-94.4,1950 and older,0.88,missouri
40300,1924,40.35,-104.9,1950 and older,40.3,colorado
6937,1939,29.45,-96,1950 and older,6.937,texas
772,1911,43.58333,-89.6,1950 and older,0.772,wisconsin
97.7,1906,30.75,-95.95,1950 and older,0.09770000000000001,texas
51500,1943,35.88333,-99.33333,1950 and older,51.5,oklahoma
877,1907,34.58333,-87.5,1950 and older,0.877,alabama
491,1839,37.91667,-92.08333,1950 and older,0.491,missouri
329.7,2010,38.70066,-77.21163,2001 to 2010,0.3297,virginia:main
17000,1970,36.00833,-95.15,1961 to 1970,17,oklahoma
1300,1977,38.25,-85.75,1971 to 1980,1.3,kentucky
340,1869,32.03333,-84.76667,1950 and older,0.34,georgia
150,1933,32.21667,-104,1950 and older,0.15,new mexico
340,1898,42.71667,-99.38333,1950 and older,0.34,nebraska
28400,1847,41.9,-91.6,1950 and older,28.4,iowa
1443,1983,35.8,-84.1,1981 to 1990,1.443,tennessee
3584,2010,42.9075,-90.36556,2001 to 2010,3.584,wisconsin
16700,1930,35.4,-92.05,1950 and older,16.7,arkansas
35000,1905,38.5,-101.1,1950 and older,35,kansas
2587,1998,31.60833,-102.85833,1991 to 2000,2.587,texas
8600,1849,35.25,-80.5,1950 and older,8.6,north carolina:main
1880,1913,35.41667,-79.38333,1950 and older,1.88,north carolina:main
12600,1950,36.6,-88.1,1950 and older,12.6,kentucky
7500,1825,38.41667,-77.16667,1950 and older,7.5,maryland
230000,1860,40,-81.76667,1950 and older,230,ohio
19256,2003,29.94718,-90.10976,2001 to 2010,19.256,louisiana
2300,1823,44.08333,-69.48333,1950 and older,2.3,maine
483.7,1991,40.08528,-86.055,1991 to 2000,0.48369999999999996,indiana
1050,1918,36.21667,-92.26667,1950 and older,1.05,arkansas
1100000,1948,39.68333,-99.86667,1950 and older,1100,kansas
180,2004,28.5475,-81.36222,2001 to 2010,0.18,florida
840,1896,38.6,-95.21667,1950 and older,0.84,kansas
135,1926,39.8,-91.5,1950 and older,0.135,missouri
408000,1930,36.06667,-90.5,1950 and older,408,arkansas
18000,2003,41.48472,-87.67917,2001 to 2010,18,illinois
5100,1933,36.21667,-103.4,1950 and older,5.1,new mexico
12570,1992,41.28333,-73.91667,1991 to 2000,12.57,new york:main
70000,1946,30.125,-103.11667,1950 and older,70,texas
1800,1855,35.3,-86.63333,1950 and older,1.8,tennessee
57900,1901,40,-99.25,1950 and older,57.9,nebraska
3760,1921,31.95,-83.51667,1950 and older,3.76,georgia
2085,1930,30.7,-96.11667,1950 and older,2.085,texas
71400,1998,34.175,-103.295,1991 to 2000,71.4,new mexico
900,1893,39.11667,-83.85,1950 and older,0.9,ohio
18.41,2007,38.13742,-119.75812,2001 to 2010,0.01841,california
668,1903,35.03333,-83.03333,1950 and older,0.668,north carolina:main
90000,1918,46.88333,-102.31667,1950 and older,90,north dakota
1900,1980,31.25,-99.03333,1971 to 1980,1.9,texas
1800,1828,37.46667,-77.5,1950 and older,1.8,virginia:main
340,1876,41.08333,-86.28333,1950 and older,0.34,indiana
10600,1921,44.51667,-83.95,1950 and older,10.6,michigan:south
61.4,1981,44.97917,-122.96944,1981 to 1990,0.061399999999999996,oregon
56,1973,33.48472,-117.6625,1971 to 1980,0.056,california
283.3,1968,42.86083,-73.95028,1961 to 1970,0.2833,new york:main
5400,1871,44.36667,-69.2,1950 and older,5.4,maine
1265,1921,37.83333,-76.7,1950 and older,1.265,virginia:main
4100,1933,42.58333,-103.66667,1950 and older,4.1,nebraska
1000,1950,38.7,-90.23333,1950 and older,1,missouri
24.3,1919,38.16667,-76.38333,1950 and older,0.024300000000000002,maryland
50,1974,41.2,-73.13333,1971 to 1980,0.05,connecticut
3500,1924,36.48333,-90.66667,1950 and older,3.5,arkansas
992.5,2012,38.80389,-120.90806,2011 to current day,0.9925,california
5560,1954,33.18836,-86.2945,1951 to 1960,5.56,alabama
74800,1927,38.2,-89.68333,1950 and older,74.8,illinois
259.1,1944,42.06667,-104.16667,1950 and older,0.2591,wyoming
1020,1917,32.16667,-95.1,1950 and older,1.02,texas
89.3,1996,45.34583,-92.05167,1991 to 2000,0.08929999999999999,wisconsin
1500,1865,43.5,-91.16667,1950 and older,1.5,wisconsin
28100,1946,34.33333,-98.3,1950 and older,28.1,oklahoma
1600,1877,38.68333,-91.15,1950 and older,1.6,missouri
225,1939,45.58333,-122.35,1950 and older,0.225,washington:main
150000,1807,41.266667,-73.266667,1950 and older,150,connecticut
350,1971,41.7,-72.65,1971 to 1980,0.35,connecticut
2756,1982,41.71056,-72.67361,1981 to 1990,2.756,connecticut
2138.74,2009,31.96185,-110.434183,2001 to 2010,2.13874,arizona
1551,1997,42.38467,-83.6115,1991 to 2000,1.551,michigan:south
250,1869,41.28333,-73.81667,1950 and older,0.25,new york:main
21100,1951,36.3,-104.28333,1951 to 1960,21.1,new mexico
2914,1941,33.85,-101.8,1950 and older,2.914,texas
16000,1924,39.77667,-100.81333,1950 and older,16,kansas
3046,1995,32.59033,-101.77217,1991 to 2000,3.046,texas
75000,1947,33.63333,-104.26667,1950 and older,75,new mexico
3956,1962,35.05,-107.56667,1961 to 1970,3.956,new mexico
5700,1928,39.96667,-103.76667,1950 and older,5.7,colorado
180000,1881,38.7,-96.1,1950 and older,180,kansas
22600,1936,35.15,-102.71667,1950 and older,22.6,texas
956,1936,34.2,-101.5,1950 and older,0.956,texas
80650,1907,42.6,-99.8,1950 and older,80.65,nebraska
1050,1940,40.15,-103.16667,1950 and older,1.05,colorado
4000,1961,40.15,-103.16667,1961 to 1970,4,colorado
13600,1938,32.9,-105.93333,1950 and older,13.6,new mexico
1800,1937,37.46667,-105.86667,1950 and older,1.8,colorado
37600,1915,41.5,-104.1,1950 and older,37.6,wyoming
15400,1949,41.41667,-104.1,1950 and older,15.4,wyoming
12280,1966,46.83333,-117.25,1961 to 1970,12.28,washington:main
192,1875,35.75,-81.25,1950 and older,0.192,north carolina:main
4100,1887,44.65,-87.46667,1950 and older,4.1,wisconsin
30.47,1998,37.86667,-117.4,1991 to 2000,0.03047,nevada
28,2011,32.306,-108.9038,2011 to current day,0.028,new mexico
1407,1923,33.1,-96.7,1950 and older,1.407,texas
6570,1978,33.1,-102.95,1971 to 1980,6.57,texas
3180,1949,39.6,-100.11667,1950 and older,3.18,kansas
21500,1932,40.56667,-110.48333,1950 and older,21.5,utah
17500,1976,43.32222,-96.28889,1971 to 1980,17.5,iowa
4532,1934,35.16667,-97.88333,1950 and older,4.532,oklahoma
8500,1947,40.8,-99.2,1950 and older,8.5,nebraska
14800,1916,44.25,-88.25,1950 and older,14.8,wisconsin
1108,1961,45.2,-93.43333,1961 to 1970,1.108,minnesota
3900,1972,39.33333,-97.56167,1971 to 1980,3.9,kansas
754,2012,40.90183,-118.54465,2011 to current day,0.754,nevada
20000,1919,37.08333,-98.05,1950 and older,20,kansas
347.36,2011,32.00584,-106.56028,2011 to current day,0.34736,new mexico
41800,1965,33.7825,-102.18111,1961 to 1970,41.8,texas
6.1,1938,39.75,-105.2,1950 and older,0.0060999999999999995,colorado
19083,1940,38.8,-102.2,1950 and older,19.083,colorado
19400,1937,41.41667,-99.1,1950 and older,19.4,nebraska
985.8,1972,34.15,-103.22,1971 to 1980,0.9858,new mexico
534,2001,38.68867,-109.58517,2001 to 2010,0.534,utah
84,1940,37.26667,-97.76667,1950 and older,0.084,kansas
30.1,1999,31.59391,-111.37023,1991 to 2000,0.030100000000000002,arizona
8940,1894,44.6,-94.1,1950 and older,8.94,minnesota
9200,1967,39.76667,-102.13333,1961 to 1970,9.2,colorado
31100,1936,39.3,-103.25,1950 and older,31.1,colorado
800,1839,35.58333,-82.53333,1950 and older,0.8,north carolina:main
27000,1901,35.25,-112.5,1950 and older,27,arizona
55400,1969,32.9,-102.28333,1961 to 1970,55.4,texas
5500,1938,31.8,-92.75,1950 and older,5.5,louisiana
5622,1996,37.25,-98.13333,1991 to 2000,5.622,kansas
2100,1963,40.51667,-103.26667,1961 to 1970,2.1,colorado
77,1964,40.51667,-103.26667,1961 to 1970,0.077,colorado
560.8,2010,34.38063,-114.16705,2001 to 2010,0.5608,arizona
3630,1867,32.63333,-85.5,1950 and older,3.63,alabama
76000,1858,38.16667,-79.08333,1950 and older,76,virginia:main
1000,1938,36.33333,-105.05,1950 and older,1,new mexico
6200,1943,31.66,-96.97167,1950 and older,6.2,texas
136000,1876,36.3,-82.88333,1950 and older,136,tennessee
6400,1842,36.3,-82.88333,1950 and older,6.4,tennessee
2200,1959,34.613317,-113.398967,1951 to 1960,2.2,arizona
3200,1891,41.28333,-77.05,1950 and older,3.2,pennsylvania
1250,1927,31.76667,-99.98333,1950 and older,1.25,texas
11100,1994,30.78333,-103.46667,1991 to 2000,11.1,texas
8590,1938,30.83333,-97.5,1950 and older,8.59,texas
10400,1950,34,-101.5,1950 and older,10.4,texas
2500,1961,43.13333,-102.1,1961 to 1970,2.5,south dakota
75000,1982,41.81667,-103.36667,1981 to 1990,75,nebraska
227000,1866,39.6,-105.3,1950 and older,227,colorado
48500,1931,44.5,-104.2,1950 and older,48.5,wyoming
25628,1940,36.8,-100.53333,1950 and older,25.628,oklahoma
925,1979,38.48417,-113.13639,1971 to 1980,0.925,utah
11620,1924,38.53333,-100.21667,1950 and older,11.62,kansas
44400,1937,36.21667,-103.65,1950 and older,44.4,new mexico
8.9,1999,35.66117,-115.33333,1991 to 2000,0.0089,nevada
78800,1950,37.31667,-97.25,1950 and older,78.8,kansas
25300,1958,42.73333,-90.35,1951 to 1960,25.3,wisconsin
16380,1970,41,-97.53333,1961 to 1970,16.38,nebraska
51800,1969,33.58333,-99.8,1961 to 1970,51.8,texas
89000,1934,43.5,-101.25,1950 and older,89,south dakota
18.3,1968,34.23333,-103.38333,1961 to 1970,0.0183,new mexico
56.8,1968,34.24667,-103.395,1961 to 1970,0.056799999999999996,new mexico
67,1941,39.3,-102.41667,1950 and older,0.067,colorado
91.9,2006,33.71333,-113.275,2001 to 2010,0.09190000000000001,arizona
24500,1903,37.06667,-93.55,1950 and older,24.5,missouri
8600,1912,38,-108.5,1950 and older,8.6,colorado
11000,1958,38.30667,-99.71,1951 to 1960,11,kansas
800,1839,35.58333,-82.35,1950 and older,0.8,north carolina:main
152,2003,40.86717,-119.18352,2001 to 2010,0.152,nevada
1500,1979,34.20583,-103.22222,1971 to 1980,1.5,new mexico
67,1998,40.5,-101.08333,1991 to 2000,0.067,nebraska
113.7,1983,39.91667,-101.2,1981 to 1990,0.11370000000000001,kansas
30500,1970,33.59167,-103.02667,1961 to 1970,30.5,texas
70,2006,38.66167,-115.51833,2001 to 2010,0.07,nevada
3650,2002,35.8675,-114.19167,2001 to 2010,3.65,arizona
9540,1946,35.26667,-107.96667,1950 and older,9.54,new mexico
6.1,2000,40.2495,-118.93683,1991 to 2000,0.0060999999999999995,nevada
23,1999,40.24148,-118.94763,1991 to 2000,0.023,nevada
95,1999,40.26752,-118.94308,1991 to 2000,0.095,nevada
113,1999,40.27537,-118.9461,1991 to 2000,0.113,nevada
7200,1999,40.28563,-118.94657,1991 to 2000,7.2,nevada
355,1999,40.28338,-118.94808,1991 to 2000,0.355,nevada
324,1999,40.282470000000004,-118.94872,1991 to 2000,0.324,nevada
451.7,2001,40.27957,-118.94642,2001 to 2010,0.4517,nevada
83.8,2006,40.2628,-118.95912,2001 to 2010,0.0838,nevada
18.81,1999,40.26667,-118.93333,1991 to 2000,0.01881,nevada
170,1999,40.26667,-118.93333,1991 to 2000,0.17,nevada
78,1999,40.26667,-118.93333,1991 to 2000,0.078,nevada
287.44,1999,40.26667,-118.93333,1991 to 2000,0.28744,nevada
34,1999,40.26667,-118.93333,1991 to 2000,0.034,nevada
12.56,1999,40.26667,-118.93333,1991 to 2000,0.01256,nevada
10.47,1999,40.26667,-118.93333,1991 to 2000,0.01047,nevada
37.2,2009,40.2819,-118.94693,2001 to 2010,0.037200000000000004,nevada
153300,1878,29.87861,-96.87222,1950 and older,153.3,texas
16000,1917,29.86306,-96.92667,1950 and older,16,texas
1800,1968,33.65167,-103.70833,1961 to 1970,1.8,new mexico
1100,1932,29.8,-98.8,1950 and older,1.1,texas
41800,1938,26.26667,-81.75,1950 and older,41.8,florida
23.03,1998,37.21667,-117.08333,1991 to 2000,0.023030000000000002,nevada
80.8,1998,37.21667,-117.08333,1991 to 2000,0.0808,nevada
2126,1930,33.26667,-116.38333,1950 and older,2.126,california
500,1850,37.5,-79.75,1950 and older,0.5,virginia:main
1560,2008,34.685,-114.323,2001 to 2010,1.56,arizona
147.4,2004,33.96667,-114.06667,2001 to 2010,0.1474,arizona
2270,1962,48.68333,-97.16667,1961 to 1970,2.27,north dakota
1300,1972,48.78333,-97.35,1971 to 1980,1.3,north dakota
927,1937,31.05,-99.46667,1950 and older,0.927,texas
138300,1978,41.15333,-96.955,1971 to 1980,138.3,nebraska
7580,1975,40.81,-101.80167,1971 to 1980,7.58,nebraska
4300000,1882,37.5825,-99.16361,1950 and older,4300,kansas
17000,1940,39.25,-101.33333,1950 and older,17,kansas
13600,1890,35.71667,-81.86667,1950 and older,13.6,north carolina:main
2230,1949,40.66667,-104.31667,1950 and older,2.23,colorado
1773,1940,34.35,-101.4,1950 and older,1.773,texas
20000,1937,36.56667,-82.18333,1950 and older,20,tennessee
6800,1937,41.43333,-99.7,1950 and older,6.8,nebraska
972,1971,33.28333,-102.96667,1971 to 1980,0.972,texas
101,1980,33.275,-102.96,1971 to 1980,0.101,texas
53,1980,33.275,-102.96,1971 to 1980,0.053,texas
2000,1971,38.69667,-99.70833,1971 to 1980,2,kansas
40960,1937,33.21667,-102.18333,1950 and older,40.96,texas
4100,1964,33.21667,-102.18333,1961 to 1970,4.1,texas
1550,1974,33.135,-102.27833,1971 to 1980,1.55,texas
1626,1960,33.21667,-102.18333,1951 to 1960,1.626,texas
83000,1998,38.295,-121.405,1991 to 2000,83,california
798,2004,34.72453,-114.20883,2001 to 2010,0.798,arizona
50,2004,34.73245,-114.22257,2001 to 2010,0.05,arizona
18.4,2004,34.71933,-114.20783,2001 to 2010,0.0184,arizona
34200,2005,34.7345,-114.21717,2001 to 2010,34.2,arizona
145.8,2005,34.70108,-114.18845,2001 to 2010,0.1458,arizona
859.7,2007,34.70337,-114.19097,2001 to 2010,0.8597,arizona
9300,2003,32.24611,-99.99306,2001 to 2010,9.3,texas
28000,2002,38.84833,-98.72383,2001 to 2010,28,kansas
8600,1940,38.23333,-99.53333,1950 and older,8.6,kansas
8400,1913,32.03333,-99.25,1950 and older,8.4,texas
68000,1819,42.75,-75.18333,1950 and older,68,new york:main
18400,2003,39.86667,-106.88333,2001 to 2010,18.4,colorado
1987,1971,35.33333,-99.15,1971 to 1980,1.987,oklahoma
1240,1939,41.23333,-103.9,1950 and older,1.24,nebraska
41000,1874,38.3,-94.36667,1950 and older,41,missouri
18000,1987,35,-98.33333,1981 to 1990,18,oklahoma
12900,1961,37.03333,-97.625,1961 to 1970,12.9,kansas
7275,1938,36.08333,-92.15,1950 and older,7.275,arkansas
40000,1958,28.41667,-98.25,1951 to 1960,40,texas
16300,1818,43.2,-78.8,1950 and older,16.3,new york:main
3016,2009,33.88098,-111.78558,2001 to 2010,3.016,arizona
15400,1929,37.36667,-85.36667,1950 and older,15.4,kentucky
7030,1894,34.2,-84.48333,1950 and older,7.03,georgia
860,1957,34.96667,-101.93333,1951 to 1960,0.86,texas
8600,1875,40.9,-123.1,1950 and older,8.6,california
30000000,1891,35.05,-111.03333,1950 and older,30000,arizona
1520,1961,38.18333,-109.88333,1961 to 1970,1.52,utah
2860,2000,32.91745,-114.767183,1991 to 2000,2.86,california
81200,1887,31.91667,-98.03333,1950 and older,81.2,texas
132700,1963,35.16667,-98.64389,1961 to 1970,132.7,oklahoma
127000,1840,36.26667,-85.98333,1950 and older,127,tennessee
94000,1935,32,-86,1950 and older,94,alabama
723,1877,37.25,-85,1950 and older,0.723,kentucky
5896.8,1936,35.84778,-97.70333,1950 and older,5.8968,oklahoma
2700,1981,32.14833,-111.11167,1981 to 1990,2.7,arizona
1492,1992,31.7045,-110.77917,1991 to 2000,1.492,arizona
26210,1938,44.221494,-98.059192,1950 and older,26.21,south dakota
4900,1937,39.7,-98.98333,1950 and older,4.9,kansas
26000,1900,29.82806,-96.90861,1950 and older,26,texas
11300,1898,34.01667,-85.26667,1950 and older,11.3,georgia
3600,1959,34.2,-100.48333,1951 to 1960,3.6,texas
2400,1941,36.2,-102.45,1950 and older,2.4,texas
350.4,2009,33.24558,-111.89633,2001 to 2010,0.3504,arizona
15300,1936,35.71667,-102.28333,1950 and older,15.3,texas
16500,1849,34.7,-81.2,1950 and older,16.5,south carolina
26,2004,36.00217,-116.19633,2001 to 2010,0.026,california
104800,1954,36.5,-104.2,1951 to 1960,104.8,new mexico
8030,1951,36,-104.5,1951 to 1960,8.03,new mexico
212,1915,29,-103.25,1950 and older,0.212,texas
699,2004,33.01222,-114.86667,2001 to 2010,0.699,california
1802,1992,35.25,-118.09067,1991 to 2000,1.802,california
16220,1873,33.5,-85.66667,1950 and older,16.22,alabama
1500,1870,39.11667,-84.5,1950 and older,1.5,ohio
2268,1977,34.02806,-102.68,1971 to 1980,2.268,texas
1964,1979,34.905,-100.91333,1971 to 1980,1.964,texas
26.8,1981,34.93611,-100.94167,1981 to 1990,0.0268,texas
1050,1931,43.7,-104.7,1950 and older,1.05,wyoming
11300,1937,38,-84.16667,1950 and older,11.3,kentucky
15600,1964,34.34667,-101.49,1961 to 1970,15.6,texas
5136,1978,34.34833,-101.65833,1971 to 1980,5.136,texas
6800,1907,32.31667,-97.41667,1950 and older,6.8,texas
24000,1960,36.43333,-98.43333,1951 to 1960,24,oklahoma
115000,1860,34.88333,-84.78333,1950 and older,115,georgia
11360,1962,39.1,-103.25833,1961 to 1970,11.36,colorado
7700,1950,36.08333,-84.2,1950 and older,7.7,tennessee
7700,1954,34.45,-111.36667,1951 to 1960,7.7,arizona
283000,1961,34.3,-103.13472,1961 to 1970,283,new mexico
41300,1963,34.3,-103.13333,1961 to 1970,41.3,new mexico
35900,2006,37.01667,-95.66667,2001 to 2010,35.9,kansas
2400,1940,39.41667,-101.05,1950 and older,2.4,kansas
18400,1923,37.26667,-99.33333,1950 and older,18.4,kansas
16000,1924,37.26667,-99.33333,1950 and older,16,kansas
16300,1991,41.35,-99.11667,1991 to 2000,16.3,nebraska
2300,1880,35.3,-81.73333,1950 and older,2.3,north carolina:main
3912,1975,35.35,-98.68333,1971 to 1980,3.912,oklahoma
19670,1993,46.57056,-117.09861,1991 to 2000,19.67,washington:main
165,1997,31.82967,-107.3945,1991 to 2000,0.165,new mexico
19700,1940,32.01667,-98.7,1950 and older,19.7,texas
2400,1956,31.99167,-98.65167,1951 to 1960,2.4,texas
17000,2006,40.266667,-94.683333,2001 to 2010,17,missouri
93500,1939,32,-101.5,1950 and older,93.5,texas
2300,1913,36.16667,-85.51667,1950 and older,2.3,tennessee
4500,1937,38.03333,-101.98333,1950 and older,4.5,kansas
2750,1905,35,-111,1950 and older,2.75,arizona
16800,1860,36.43333,-87,1950 and older,16.8,tennessee
12000,1934,39.66667,-102.83333,1950 and older,12,colorado
817,1967,39.68333,-102.845,1961 to 1970,0.817,colorado
54.5,1998,34.30333,-112.16617,1991 to 2000,0.0545,arizona
5176,1994,35.405,-98.74889,1991 to 2000,5.176,oklahoma
1400,1979,34.95,-107.16667,1971 to 1980,1.4,new mexico
715.6,1940,37.35,-108.68333,1950 and older,0.7156,colorado
960000,1837,35.78333,-83.25,1950 and older,960,tennessee
35500,1881,36.83333,-105.23333,1950 and older,35.5,new mexico
1160,1928,41.36667,-98.63333,1950 and older,1.16,nebraska
243,2000,38.46483,-105.7015,1991 to 2000,0.243,colorado
800,1955,34.83333,-112.01667,1951 to 1960,0.8,arizona
61000,1896,39.2,-98.78333,1950 and older,61,kansas
338,1995,35.05017,-116.76683,1991 to 2000,0.338,california
106.7,1998,35.04753,-116.73092,1991 to 2000,0.1067,california
255.72,1998,35.08808,-116.75398,1991 to 2000,0.25572,california
2430,1999,35.0715,-116.77205,1991 to 2000,2.43,california
5220,1999,35.05605,-116.7763,1991 to 2000,5.22,california
344,1999,35.09373,-116.76343,1991 to 2000,0.344,california
392.8,1999,35.07667,-116.74667,1991 to 2000,0.39280000000000004,california
2134,1999,35.05242,-116.7667,1991 to 2000,2.134,california
67.61,1999,35.05878,-116.773,1991 to 2000,0.06761,california
1364.31,1999,35.05817,-116.7743,1991 to 2000,1.36431,california
412.05,1999,35.03815,-116.7531,1991 to 2000,0.41205,california
278.1,1999,35.07402,-116.76117,1991 to 2000,0.2781,california
61.5,1999,35.05073,-116.76698,1991 to 2000,0.0615,california
68.02,1999,35.04625,-116.73547,1991 to 2000,0.06802,california
1369,1999,35.05865,-116.76872,1991 to 2000,1.369,california
4.4,1999,35.05847,-116.769,1991 to 2000,0.0044,california
162,1999,35.0501,-116.74443,1991 to 2000,0.162,california
3.2,1999,35.03815,-116.7531,1991 to 2000,0.0032,california
18.5,1999,35.05893,-116.76872,1991 to 2000,0.0185,california
14.2,1999,35.05947,-116.7685,1991 to 2000,0.014199999999999999,california
140,2000,35.06917,-116.7502,1991 to 2000,0.14,california
6.1,2000,35.06785,-116.7494,1991 to 2000,0.0060999999999999995,california
17.4,2000,35.07028,-116.74847,1991 to 2000,0.0174,california
117.5,2000,35.0925,-116.76083,1991 to 2000,0.1175,california
18.3,2000,35.05283,-116.76645,1991 to 2000,0.0183,california
10.4,2000,35.05283,-116.76538,1991 to 2000,0.0104,california
32.22,2000,35.06725,-116.74853,1991 to 2000,0.03222,california
90.04,2001,35.05602,-116.72368,2001 to 2010,0.09004000000000001,california
10.84,2001,35.05607,-116.72365,2001 to 2010,0.01084,california
13.87,2001,35.07362,-116.76372,2001 to 2010,0.013869999999999999,california
17.02,2001,35.06847,-116.76905,2001 to 2010,0.01702,california
17.7,2001,35.05865,-116.76872,2001 to 2010,0.0177,california
76.88,2002,35.06152,-116.76295,2001 to 2010,0.07687999999999999,california
9.87,2002,35.07802,-116.76777,2001 to 2010,0.009869999999999999,california
16.66,2002,35.07,-116.77,2001 to 2010,0.01666,california
43,2002,35.05835,-116.77403,2001 to 2010,0.043,california
42.57,2002,35.06888,-116.76197,2001 to 2010,0.042570000000000004,california
36.35,2002,35.05475,-116.75432,2001 to 2010,0.03635,california
187.55,2003,35.05452,-116.73005,2001 to 2010,0.18755000000000002,california
1.47,2004,35.08838,-116.75283,2001 to 2010,0.00147,california
54.31,2003,35.05717,-116.7205,2001 to 2010,0.054310000000000004,california
22.5,2004,35.04008,-116.75553,2001 to 2010,0.0225,california
512,2004,35.03842,-116.75818,2001 to 2010,0.512,california
16.36,2004,35.08958,-116.75007,2001 to 2010,0.01636,california
81.4,2004,35.05628,-116.73377,2001 to 2010,0.0814,california
71.8,2004,35.08758,-116.74603,2001 to 2010,0.0718,california
7.5,2006,35.05902,-116.76892,2001 to 2010,0.0075,california
16.2,2006,35.05122,-116.76742,2001 to 2010,0.0162,california
47.2,2006,35.07118,-116.77162,2001 to 2010,0.047200000000000006,california
21.3,2006,35.0742,-116.7637,2001 to 2010,0.0213,california
7.2,2009,35.0751,-116.75038,2001 to 2010,0.0072,california
23.04,1998,31.91667,-111.5,1991 to 2000,0.023039999999999998,arizona
240,2005,36.99367,-114.99367,2001 to 2010,0.24,nevada
48500,1887,35.83333,-84.91667,1950 and older,48.5,tennessee
90,1852,37.23333,-80.73333,1950 and older,0.09,virginia:main
6000,1940,31.75,-97.75,1950 and older,6,texas
10.6,1985,38.90306,-112.82111,1981 to 1990,0.0106,utah
6320,1958,44.47733,-103.972,1951 to 1960,6.32,south dakota
32.5,1999,35.29575,-117.4668,1991 to 2000,0.0325,california
95,2000,35.2755,-117.47833,1991 to 2000,0.095,california
7.5,2000,35.29183,-117.47067,1991 to 2000,0.0075,california
40,2000,35.30233,-117.46017,1991 to 2000,0.04,california
35,2000,35.31232,-117.45315,1991 to 2000,0.035,california
0.5,2000,35.31227,-117.453,1991 to 2000,5e-4,california
96.7,2000,35.3114,-117.45342,1991 to 2000,0.09670000000000001,california
18.02,2000,35.28333,-117.48333,1991 to 2000,0.01802,california
19,2000,35.31833,-117.46667,1991 to 2000,0.019,california
10.5,2000,35.3112,-117.45465,1991 to 2000,0.0105,california
10.69,2000,35.2758,-117.47877,1991 to 2000,0.01069,california
0.72,2002,35.31217,-117.453,2001 to 2010,7.199999999999999e-4,california
1.6,2008,35.31218,-117.45303,2001 to 2010,0.0016,california
23.1,2008,35.28528,-117.48305,2001 to 2010,0.023100000000000002,california
8.5,2008,35.28638,-117.48305,2001 to 2010,0.0085,california
10.1,2008,35.30455,-117.45817,2001 to 2010,0.0101,california
31.72,2004,35.3,-117.4605,2001 to 2010,0.03172,california
123,1986,35.3248,-117.47983,1981 to 1990,0.123,california
19.5,2008,35.296,-117.472,2001 to 2010,0.0195,california
22.2,2008,35.296,-117.472,2001 to 2010,0.0222,california
46500,1936,29.01667,-97.28333,1950 and older,46.5,texas
5900,1913,40.23333,-100.83333,1950 and older,5.9,nebraska
10000,1911,37.61667,-98.91667,1950 and older,10,kansas
567,1932,35.96667,-96.76667,1950 and older,0.567,oklahoma
300,1957,34.08333,-115.78333,1951 to 1960,0.3,california
4400,1968,36.04333,-102.40833,1961 to 1970,4.4,texas
53000,1879,34.8,-84.98333,1950 and older,53,georgia
8991,2000,34.216667,-115.05,1991 to 2000,8.991,california
689000,1903,30.75,-104.25,1950 and older,689,texas
50600,1940,29.1,-97.6,1950 and older,50.6,texas
3770,1981,29.00833,-97.70556,1981 to 1990,3.77,texas
7682,1981,34.86,-102.12,1981 to 1990,7.682,texas
257.6,1981,34.86,-102.12,1981 to 1990,0.2576,texas
26300,1892,39.75,-84.16667,1950 and older,26.3,ohio
566,1969,39.59167,-94.92194,1961 to 1970,0.566,missouri
12700,1940,39.85,-102.95,1950 and older,12.7,colorado
11500,1846,36.5,-79.75,1950 and older,11.5,north carolina:main
3596,1965,29.36667,-100.96667,1961 to 1970,3.596,texas
8346,1972,35.28333,-93.5,1971 to 1980,8.346,arkansas
1244.7,1968,34.08333,-103.525,1961 to 1970,1.2447000000000001,new mexico
548,1968,34.09,-103.61167,1961 to 1970,0.548,new mexico
885,1977,34.05,-103.63333,1971 to 1980,0.885,new mexico
276,1969,34.05,-103.55,1961 to 1970,0.276,new mexico
784,2009,32.22548,-107.90459,2001 to 2010,0.784,new mexico
37200,1879,39.65,-99.68333,1950 and older,37.2,kansas
11300,1950,39.56583,-99.64722,1950 and older,11.3,kansas
5400,1856,33,-97,1950 and older,5.4,texas
26100,1975,33.07139,-102.80028,1971 to 1980,26.1,texas
15000,1926,33.51667,-95.3,1950 and older,15,texas
604,1944,33.51667,-95.3,1950 and older,0.604,texas
11.3,2007,32.319,-111.077,2001 to 2010,0.011300000000000001,arizona
34.7,1999,35.65917,-115.37283,1991 to 2000,0.0347,nevada
1724,1889,33.81667,-97,1950 and older,1.724,texas
246.6,2004,33.66348,-114.29207,2001 to 2010,0.24659999999999999,arizona
440,2001,40.08173,-115.93673,2001 to 2010,0.44,nevada
200000,1942,34.58333,-102.16667,1950 and older,200,texas
2800,1981,34.48333,-102.32833,1981 to 1990,2.8,texas
220,1956,39.5,-98.53333,1951 to 1960,0.22,kansas
44000,1927,41.23333,-103.48333,1950 and older,44,nebraska
7600,1955,33.92667,-103.955,1951 to 1960,7.6,new mexico
1570,1970,33.92333,-103.35,1961 to 1970,1.57,new mexico
755,1998,32.295,-109.67,1991 to 2000,0.755,arizona
1113,2002,33.97917,-101.2,2001 to 2010,1.113,texas
112,1887,38.41667,-106.58333,1950 and older,0.112,colorado
2350,1982,48.66667,-97.11667,1981 to 1990,2.35,north dakota
6760,1953,39.61667,-100.46306,1951 to 1960,6.76,kansas
529000,1944,39.5,-112.9,1950 and older,529,utah
3.5,2000,37.72683,-114.7865,1991 to 2000,0.0035,nevada
22700,1906,40.38333,-110.86667,1950 and older,22.7,utah
21800,1854,35.85,-82.7,1950 and older,21.8,north carolina:main
11300,1873,35.85,-82.7,1950 and older,11.3,north carolina:main
46050,1956,35.9,-101.9,1951 to 1960,46.05,texas
2284,1980,35.925,-101.895,1971 to 1980,2.284,texas
27420,1994,33.81667,-100.51667,1991 to 2000,27.42,texas
17800,1961,32.63333,-96.86667,1961 to 1970,17.8,texas
13000,1922,36.85,-82.45,1950 and older,13,virginia:main
48.8,2002,34.48333,-113.91667,2001 to 2010,0.048799999999999996,arizona
4100,1940,38.85,-96.58333,1950 and older,4.1,kansas
4860,1975,38.47,-102.82667,1971 to 1980,4.86,colorado
36000,1880,38.61667,-84.96667,1950 and older,36,kentucky
4000,1983,39.76667,-99.91667,1981 to 1990,4,kansas
12000,1955,34.28333,-101.83333,1951 to 1960,12,texas
14402,1981,34.28333,-101.83333,1981 to 1990,14.402,texas
10200,1942,37.03333,-85.63333,1950 and older,10.2,kentucky
27500,1893,33.5,-105.5,1950 and older,27.5,new mexico
598,1972,33.68333,-112.26667,1971 to 1980,0.598,arizona
1.5,2000,34.65433,-117.59638,1991 to 2000,0.0015,california
13,2001,34.64667,-117.58108,2001 to 2010,0.013,california
6.9,2010,34.63432,-117.56217,2001 to 2010,0.006900000000000001,california
271,2011,34.65783,-117.59892,2011 to current day,0.271,california
276,1950,31.78333,-106.23333,1950 and older,0.276,texas
40.7,1954,37,-105,1951 to 1960,0.0407,colorado
4175,1966,39.83333,-103.21667,1961 to 1970,4.175,colorado
936.8,1968,33.78333,-103.57667,1961 to 1970,0.9368,new mexico
537.8,1968,33.91667,-103.51833,1961 to 1970,0.5378,new mexico
385.5,1968,33.79,-103.56333,1961 to 1970,0.3855,new mexico
573,1936,37.01667,-101.88333,1950 and older,0.573,kansas
15700,1960,38.80778,-104.56944,1951 to 1960,15.7,colorado
4692,1948,38.78333,-99.33333,1950 and older,4.692,kansas
7000,1906,38.5,-96.2,1950 and older,7,kansas
1900,1936,33.71667,-100.83333,1950 and older,1.9,texas
10900,1971,38.28,-97.365,1971 to 1980,10.9,kansas
16700,1962,43.56333,-97.58333,1961 to 1970,16.7,south dakota
450,1854,39.71667,-77.3,1950 and older,0.45,maryland
94,1967,31.33333,-82.31667,1961 to 1970,0.094,georgia
763,1883,39.86667,-83.95,1950 and older,0.763,ohio
3300,1965,40.03167,-105.05667,1961 to 1970,3.3,colorado
5000,2002,34.61167,-115.03333,2001 to 2010,5,california
290000,1883,33.9,-101.75,1950 and older,290,texas
450000,1965,35.98333,-101.9,1961 to 1970,450,texas
2500,1970,47.95833,-96.7,1961 to 1970,2.5,minnesota
2300,1961,34.47,-101.75833,1961 to 1970,2.3,texas
502,1918,28.83333,-81.68333,1950 and older,0.502,florida
6700,1965,36.81667,-101.90833,1961 to 1970,6.7,oklahoma
445,1907,43.603,-103.026,1950 and older,0.445,south dakota
1600,1974,39.33333,-84.6,1971 to 1980,1.6,ohio
28800,1986,34.10139,-102.65,1981 to 1990,28.8,texas
105000,1952,45.33333,-102.08333,1951 to 1960,105,south dakota
4180,1995,33.84333,-103.93667,1991 to 2000,4.18,new mexico
19400,1936,36.33333,-104.05,1950 and older,19.4,new mexico
4200,1937,40.25,-100.23333,1950 and older,4.2,nebraska
100000,1966,39.61667,-94.86667,1961 to 1970,100,missouri
5400,1970,36.55,-102.78333,1961 to 1970,5.4,oklahoma
5590,1990,36.58333,-102.7,1981 to 1990,5.59,oklahoma
1700,1937,34,-101.5,1950 and older,1.7,texas
8600,2003,31.38972,-99.40583,2001 to 2010,8.6,texas
10700,1962,34.26667,-101.56667,1961 to 1970,10.7,texas
492,1978,34.29833,-101.68333,1971 to 1980,0.492,texas
27.3,1992,31.735,-110.75333,1991 to 2000,0.0273,arizona
65.4,1974,42.03839,-120.58942,1971 to 1980,0.0654,oregon
7000,1954,34.43333,-102.51667,1951 to 1960,7,texas
4100,1972,39.23,-102.99,1971 to 1980,4.1,colorado
21360,1983,44.04833,-96.59167,1981 to 1990,21.36,south dakota
1750,1940,40.68333,-102.81667,1950 and older,1.75,colorado
110800,1978,32.5225,-102.705,1971 to 1980,110.8,texas
13000,1966,34.19333,-103.575,1961 to 1970,13,new mexico
12500,1912,33.98333,-101.28333,1950 and older,12.5,texas
6266,1999,33.98333,-101.33333,1991 to 2000,6.266,texas
9500,1967,32.8,-101.11667,1961 to 1970,9.5,texas
4110,1976,32.90333,-101.16278,1971 to 1980,4.11,texas
26100,1957,33.50667,-97.65139,1951 to 1960,26.1,texas
26600,1957,33.49556,-97.58861,1951 to 1960,26.6,texas
22700,1891,36.1,-80.2,1950 and older,22.7,north carolina:main
15900,1856,44.35,-100.38333,1950 and older,15.9,south dakota
4762.8,1952,30.91667,-103.06667,1951 to 1960,4.7628,texas
1992,1975,33.1,-102.26667,1971 to 1980,1.992,texas
60,2002,33.61,-111.72,2001 to 2010,0.06,arizona
25000,1924,37,-109.05,1950 and older,25,utah
18800,1890,38.81667,-104.61667,1950 and older,18.8,colorado
100000,2002,34.71637,-114.22197,2001 to 2010,100,arizona
4700,1977,32.33333,-102.745,1971 to 1980,4.7,texas
10900,1866,38.2,-84.83333,1950 and older,10.9,kentucky
9062,1921,36.71667,-86.56667,1950 and older,9.062,kentucky
108,1888,38.5,-100,1950 and older,0.108,kansas
268,1919,46.38333,-101.23333,1950 and older,0.268,north dakota
6647,1963,38.5,-105.5,1961 to 1970,6.647,colorado
21900,1981,34.54,-102.56833,1981 to 1990,21.9,texas
1201,1950,40.01667,-82.86667,1950 and older,1.201,ohio
4650,1948,32.7,-101.6,1950 and older,4.65,texas
13700,1977,32.83333,-102.73333,1971 to 1980,13.7,texas
23900,1971,38.64167,-98.88333,1971 to 1980,23.9,kansas
392,2009,32.00415,-110.37503,2001 to 2010,0.392,arizona
4788,1938,38.26667,-95.25,1950 and older,4.788,kansas
5116,1969,33.86333,-103.34667,1961 to 1970,5.116,new mexico
8480,1983,39.61667,-98.7,1981 to 1990,8.48,kansas
687,1967,39.7,-105.7,1961 to 1970,0.687,colorado
3700,2000,33.03333,-112.61667,1991 to 2000,3.7,arizona
57300,1936,36.3,-104,1950 and older,57.3,new mexico
20400,1922,37.01667,-85.91667,1950 and older,20.4,kentucky
1990,1969,48.71667,-97.3,1961 to 1970,1.99,north dakota
11000,1934,32.25,-97.71667,1950 and older,11,texas
148000,1884,35.6,-105.8,1950 and older,148,new mexico
61000,1995,35.875,-114.23333,1991 to 2000,61,arizona
378.8,2000,35.89,-114.16667,1991 to 2000,0.3788,arizona
797.6,1999,35.87333,-114.2,1991 to 2000,0.7976,arizona
1.1,1999,35.37333,-116.90833,1991 to 2000,0.0011,california
47000,1974,33.18139,-102.40139,1971 to 1980,47,texas
3628,1923,39.35,-101.66667,1950 and older,3.628,kansas
2132.3,1999,37.435,-98.31833,1991 to 2000,2.1323000000000003,kansas
1169500,1938,41.98,-120.54167,1950 and older,1169.5,california
4230,1933,34.8,-103.31667,1950 and older,4.23,new mexico
9300,1937,34.8,-103.31667,1950 and older,9.3,new mexico
5700,1970,34.8,-103.31667,1961 to 1970,5.7,new mexico
479,1975,37.96667,-102.33333,1971 to 1980,0.479,colorado
51700,1883,42.96667,-85.76667,1950 and older,51.7,michigan:south
6400,2008,32.788333,-101.938333,2001 to 2010,6.4,texas
525000,1929,35.16667,-107.88333,1950 and older,525,new mexico
2300,1936,37.46667,-101.43333,1950 and older,2.3,kansas
4400,1964,33.11667,-101.58333,1961 to 1970,4.4,texas
28770,1983,38.395,-98.91583,1981 to 1990,28.77,kansas
48,1995,31.76167,-110.75,1991 to 2000,0.048,arizona
5000,1880,37.83333,-80.31667,1950 and older,5,west virginia
45,2004,39.49133,-112.942,2001 to 2010,0.045,utah
664,1987,30.51528,-91.01222,1981 to 1990,0.664,louisiana
82000,1912,39.93333,-99.21667,1950 and older,82,kansas
12.4,1969,34.38167,-103.39167,1961 to 1970,0.0124,new mexico
929.4,1969,34.26667,-103.38333,1961 to 1970,0.9294,new mexico
6000,1985,33.71667,-102.81667,1981 to 1990,6,texas
93,2011,35.06639,-114.0975,2011 to current day,0.093,arizona
13100,1934,36.33333,-101.4,1950 and older,13.1,texas
20.5,1950,29.5,-98,1950 and older,0.0205,texas
309000,1907,38.76667,-105.51667,1950 and older,309,colorado
1100,1822,35.56667,-79.83333,1950 and older,1.1,north carolina:main
34500,1969,33.96667,-87.91667,1961 to 1970,34.5,alabama
22700,1909,34,-111,1950 and older,22.7,arizona
6800,1982,37.28333,-113.78333,1981 to 1990,6.8,utah
610,1936,34.05,-101.75,1950 and older,0.61,texas
695,1936,34.05,-101.75,1950 and older,0.695,texas
2700,1965,31.59333,-98.25,1961 to 1970,2.7,texas
24000,1884,44.91667,-92.43333,1950 and older,24,wisconsin
1300,1976,38.91972,-85.94722,1971 to 1980,1.3,indiana
2860,1971,35.68,-101.99333,1971 to 1980,2.86,texas
2505,1972,34.59333,-101.99333,1971 to 1980,2.505,texas
884.3,1971,34.58333,-102.05,1971 to 1980,0.8843,texas
16300,1971,34.80167,-101.56667,1971 to 1980,16.3,texas
8580,1986,36.57,-101.19,1981 to 1990,8.58,oklahoma
3075,1941,45.5,-103.5,1950 and older,3.075,south dakota
13000,1972,37.06667,-98.66167,1971 to 1980,13,kansas
7800,1937,43.8,-96.16667,1950 and older,7.8,minnesota
4000,1975,46.43333,-109.83333,1971 to 1980,4,montana
13,1999,35.05102,-117.30672,1991 to 2000,0.013,california
12,1999,35.05067,-117.30095,1991 to 2000,0.012,california
95,1999,35.0425,-117.30837,1991 to 2000,0.095,california
37,1999,35.05523,-117.30257,1991 to 2000,0.037,california
24,1999,35.05063,-117.30188,1991 to 2000,0.024,california
26,1999,35.04722,-117.30752,1991 to 2000,0.026,california
166.7,2000,35.04953,-117.26357,1991 to 2000,0.1667,california
12.5,2000,35.05193,-117.26138,1991 to 2000,0.0125,california
16.4,2007,35.04102,-117.27465,2001 to 2010,0.016399999999999998,california
39.7,2007,35.0421,-117.27512,2001 to 2010,0.039700000000000006,california
118.7,2007,35.04015,-117.27283,2001 to 2010,0.1187,california
11.56,2008,35.04568,-117.26658,2001 to 2010,0.01156,california
85.5,2010,35.03333,-117.28333,2001 to 2010,0.0855,california
30000,1947,35.95,-84.56667,1950 and older,30,tennessee
13000,1938,35.95,-84.56667,1950 and older,13,tennessee
3263,1945,38.33333,-101.71167,1950 and older,3.263,kansas
46500,1933,38.65,-94.33333,1950 and older,46.5,missouri
966,2010,34.37718,-102.11672,2001 to 2010,0.966,texas
1200,1970,33.99833,-102.17667,1961 to 1970,1.2,texas
2100,1967,35.94167,-102.16,1961 to 1970,2.1,texas
490,2000,38.83333,-105.8,1991 to 2000,0.49,colorado
36000,1909,33.21333,-99.73167,1950 and older,36,texas
12880,1935,34,-105.5,1950 and older,12.88,new mexico
16000,1963,33.75,-112.66667,1961 to 1970,16,arizona
8900,1939,42.91667,-104.41667,1950 and older,8.9,wyoming
21,1941,34.48333,-94.45,1950 and older,0.021,arkansas
6100,1950,37.96417,-97.75583,1950 and older,6.1,kansas
1035,1937,37.61667,-99.1,1950 and older,1.035,kansas
2092,1976,37.59667,-99.125,1971 to 1980,2.092,kansas
367,1935,41.78333,-104.28333,1950 and older,0.367,wyoming
15500,1975,40.45667,-102.57834,1971 to 1980,15.5,colorado
270,1895,45,-114,1950 and older,0.27,idaho
4500,1941,40.51667,-101.03333,1950 and older,4.5,nebraska
21820,1965,40.16667,-97.6,1961 to 1970,21.82,nebraska
6000,1901,35.31667,-81.46667,1950 and older,6,north carolina:main
2276,1970,33.795,-102.24167,1961 to 1970,2.276,texas
12900,1951,38.11667,-97.43333,1951 to 1960,12.9,kansas
1928,1974,32.35833,-112.40889,1971 to 1980,1.928,arizona
3060,1894,40.33333,-99.03333,1950 and older,3.06,nebraska
11700,1947,39.36667,-99.85,1950 and older,11.7,kansas
2300,1933,32.73333,-103.1,1950 and older,2.3,new mexico
1600,1933,32.73333,-103.1,1950 and older,1.6,new mexico
12200,1887,34.36667,-85.43333,1950 and older,12.2,georgia
12,1950,33.75,-98.83333,1950 and older,0.012,texas
299,1937,38.06667,-102.1,1950 and older,0.299,colorado
11200,1933,40.56667,-102.3,1950 and older,11.2,colorado
6800,1955,33.68333,-93.6,1951 to 1960,6.8,arkansas
1800,1889,36.55,-79.78333,1950 and older,1.8,virginia:main
19700,1940,38.35,-101.78333,1950 and older,19.7,kansas
570,1937,37.58333,-102.76667,1950 and older,0.57,colorado
4700,1995,39.66667,-118.96667,1991 to 2000,4.7,nevada
8630,1938,33.5,-96.6,1950 and older,8.63,texas
240,2000,35.86333,-114.19333,1991 to 2000,0.24,arizona
60.9,2003,35.83833,-114.16617,2001 to 2010,0.060899999999999996,arizona
20.5,1997,35.8895,-114.192,1991 to 2000,0.0205,arizona
6452,1991,34.54,-102.59433,1991 to 2000,6.452,texas
314,1985,31.91667,-106.15,1981 to 1990,0.314,texas
150,1985,31.91667,-106.15,1981 to 1990,0.15,texas
80,1936,39.13333,-103.48333,1950 and older,0.08,colorado
350000,1927,37.2,-101.35,1950 and older,350,kansas
74600,1962,36.56,-97.66667,1961 to 1970,74.6,oklahoma
14500,1910,41.18333,-103,1950 and older,14.5,nebraska
8911,2008,44.33823,-107.67405,2001 to 2010,8.911,wyoming
7400,1968,39.695,-102.295,1961 to 1970,7.4,colorado
140000,1957,34.68333,-85.65,1951 to 1960,140,alabama
2500,1899,46.68333,-112.55,1950 and older,2.5,montana
770,2009,40.74018,-118.17285,2001 to 2010,0.77,nevada
4,1908,32.86667,-115.58333,1950 and older,0.004,california
14100,1887,36.93333,-80.5,1950 and older,14.1,virginia:main
4000,1939,40.23333,-100.41667,1950 and older,4,nebraska
226,1937,37.83333,-100.45,1950 and older,0.226,kansas
7250,1966,38.25,-97.66667,1961 to 1970,7.25,kansas
31500,1931,40.25,-110.08333,1950 and older,31.5,utah
1500,1898,31.96667,-97.86667,1950 and older,1.5,texas
1420,1889,46.07944,-88.55972,1950 and older,1.42,michigan:north
58000,1880,35.33333,-115.31667,1950 and older,58,california
450,1846,36.41667,-85.5,1950 and older,0.45,tennessee
4000,1885,46.61667,-98.5,1950 and older,4,north dakota
292,2003,32.133333,-82.983333,2001 to 2010,0.292,georgia
55400,1946,36.82444,-93.76111,1950 and older,55.4,missouri
12000,1883,37.9,-82.38333,1950 and older,12,west virginia
6800,1954,42.63333,-114.83333,1951 to 1960,6.8,idaho
29600,1894,38.76667,-100.73333,1950 and older,29.6,kansas
42600,1884,35.76667,-91.5,1950 and older,42.6,arkansas
63,2012,35.37788,-117.63728,2011 to current day,0.063,california
10400,1937,37.55,-101.68333,1950 and older,10.4,kansas
1304,1963,30.625,-97.53333,1961 to 1970,1.304,texas
30,1891,36.3,-82.46667,1950 and older,0.03,tennessee
57900,1983,39.975,-102.26667,1981 to 1990,57.9,colorado
241,1932,30.5,-99.83333,1950 and older,0.241,texas
70.7,2007,40.89055,-118.36278,2001 to 2010,0.0707,nevada
27.8,2007,40.89805,-118.35388,2001 to 2010,0.027800000000000002,nevada
29.1,2007,40.95805,-118.35305,2001 to 2010,0.0291,nevada
1368,2006,39.71633,-97.8545,2001 to 2010,1.368,kansas
1874.9,1965,34.62333,-101.91667,1961 to 1970,1.8749,texas
3500,1966,34.67167,-101.815,1961 to 1970,3.5,texas
7947,1980,34.67167,-101.815,1971 to 1980,7.947,texas
26760,1981,34.67167,-101.815,1981 to 1990,26.76,texas
8200,1961,41.48333,-96.16667,1961 to 1970,8.2,nebraska
9399,1947,44.64694,-85.13667,1950 and older,9.399,michigan:south
10000,1968,38.08333,-100.25,1961 to 1970,10,kansas
36000,1903,39.1,-94.63333,1950 and older,36,kansas
301,2004,39.27556,-96.25944,2001 to 2010,0.301,kansas
1104,1936,38.71667,-103.51667,1950 and older,1.104,colorado
23000,1893,32.58333,-96.41667,1950 and older,23,texas
10000,1934,40.68333,-99.06667,1950 and older,10,nebraska
6690,1950,37.21667,-82,1950 and older,6.69,virginia:main
44300,1937,40.46667,-103.03333,1950 and older,44.3,colorado
21000,1887,29.4,-98.5,1950 and older,21,texas
10900,1972,33.9,-103.55333,1971 to 1980,10.9,new mexico
453,1972,33.70833,-103.76667,1971 to 1980,0.453,new mexico
194000,1889,38.81667,-84.6,1950 and older,194,kentucky
142000,1939,36.71667,-102.5,1950 and older,142,oklahoma
787,2003,36.28402,-96.43701,2001 to 2010,0.787,oklahoma
153800,1918,30.41667,-99.4,1950 and older,153.8,texas
19.51,1997,35.92333,-114.10167,1991 to 2000,0.019510000000000003,arizona
8180,1950,35.83333,-97.93333,1950 and older,8.18,oklahoma
12900,1891,32.9,-107.73333,1950 and older,12.9,new mexico
17000,1952,42.16667,-121.85,1951 to 1960,17,oregon
161000,1903,36.9,-100.21667,1950 and older,161,oklahoma
490,1893,33.5,-114,1950 and older,0.49,arizona
1800,1862,40.48333,-86.36667,1950 and older,1.8,indiana
5900,1975,40.66667,-84.35,1971 to 1980,5.9,ohio
2300,1966,38.3925,-104.17667,1961 to 1970,2.3,colorado
12500,1951,34.35833,-101.73,1951 to 1960,12.5,texas
2600,1966,34.35833,-101.73,1961 to 1970,2.6,texas
5600,1978,34.33833,-101.71667,1971 to 1980,5.6,texas
57,1994,34.38333,-101.71667,1991 to 2000,0.057,texas
2386,1978,34.46667,-103.92167,1971 to 1980,2.386,new mexico
30.15,2001,40.37972,-119.08639,2001 to 2010,0.03015,nevada
7780,1965,29.975,-97.86667,1961 to 1970,7.78,texas
50800,1860,38.4,-85.36667,1950 and older,50.8,kentucky
30000,1933,34.45,-104.13333,1950 and older,30,new mexico
4798,2005,33.00383,-105.85083,2001 to 2010,4.798,new mexico
14540,1900,41.6,-86.71667,1950 and older,14.54,indiana
19800,1956,26.27167,-97.90167,1951 to 1960,19.8,texas
35100,1937,38.61667,-101.63333,1950 and older,35.1,kansas
800,1931,40.41667,-86.88333,1950 and older,0.8,indiana
21800,1963,36.38333,-98.08333,1961 to 1970,21.8,oklahoma
270000,1933,34.1,-97,1950 and older,270,oklahoma
3600,1937,35.56667,-100.66667,1950 and older,3.6,texas
1238,1970,34.53333,-101.7,1961 to 1970,1.238,texas
46500,1955,32.62972,-104.35,1951 to 1960,46.5,new mexico
16900,1981,32.88333,-101.88333,1981 to 1990,16.9,texas
38690,1940,38.07778,-96.02639,1950 and older,38.69,kansas
13000,1903,40.66667,-96.75,1950 and older,13,nebraska
69800,1930,38.9,-79.18333,1950 and older,69.8,west virginia
13780,1932,36.53333,-91.8,1950 and older,13.78,missouri
28100,1977,38.1995,-99.162,1971 to 1980,28.1,kansas
639.5,1948,42.83333,-74.5,1950 and older,0.6395,new york:main
10,2008,35.16867,-114.455,2001 to 2010,0.01,arizona
2150,1857,34.5,-82.03333,1950 and older,2.15,south carolina
515,1928,38.96667,-95.16667,1950 and older,0.515,kansas
8600,1970,34.5,-102.75,1961 to 1970,8.6,texas
498,1988,32.03333,-103.15,1981 to 1990,0.498,new mexico
11,1988,32.03333,-103.16667,1981 to 1990,0.011,new mexico
4.91,1999,32.04333,-103.15333,1991 to 2000,0.00491,new mexico
760,1940,30.6,-97.9,1950 and older,0.76,texas
6680,1984,45.93333,-102.18333,1981 to 1990,6.68,south dakota
30000,1943,37.66667,-96.76667,1950 and older,30,kansas
8100,1961,39.63333,-100.46722,1961 to 1970,8.1,kansas
2500,1969,39.60833,-100.475,1961 to 1970,2.5,kansas
895,1968,34.61139,-100.855,1961 to 1970,0.895,texas
4416,1983,34.00833,-103.60278,1981 to 1990,4.416,new mexico
4760,1880,34,-81.25,1950 and older,4.76,south carolina
1240,1879,35.66667,-80.25,1950 and older,1.24,north carolina:main
2160,1972,34.655,-101.64,1971 to 1980,2.16,texas
1800,1972,34.655,-101.64,1971 to 1980,1.8,texas
20000,1834,31.55,-87.51667,1950 and older,20,alabama
4500,1937,39.36667,-103.16667,1950 and older,4.5,colorado
442,1882,35.86667,-81.91667,1950 and older,0.442,north carolina:main
46000,1940,41.43333,-96.96667,1950 and older,46,nebraska
21.4,2001,34.38667,-112.02833,2001 to 2010,0.0214,arizona
262.2,2006,33.69177,-113.63612,2001 to 2010,0.2622,arizona
4400,1967,38.38333,-98.01667,1961 to 1970,4.4,kansas
11700,1965,38.44,-98.06667,1961 to 1970,11.7,kansas
2950,1937,37.68333,-105.7,1950 and older,2.95,colorado
19050,1979,34.51667,-117.98333,1971 to 1980,19.05,california
1600,1936,45.6,-110.58333,1950 and older,1.6,montana
235,1937,36.41667,-85.25,1950 and older,0.235,tennessee
4318,1975,30.52213,-99.73698,1971 to 1980,4.318,texas
824,1944,34.15,-101.3,1950 and older,0.824,texas
10000,1857,33.33333,-84.1,1950 and older,10,georgia
1315,1918,36.58333,-100.2,1950 and older,1.315,oklahoma
7000,1953,46.1,-111.4,1951 to 1960,7,montana
1400,1888,39.41667,-79.15,1950 and older,1.4,maryland
4300,1965,34.25972,-101.40833,1961 to 1970,4.3,texas
20676,1971,41.5,-91.47917,1971 to 1980,20.676,iowa
564000,1891,39.93333,-99.6,1950 and older,564,kansas
3020,1933,40.46667,-99.5,1950 and older,3.02,nebraska
5600,1962,32.9,-102.28333,1961 to 1970,5.6,texas
1600,1964,32.99167,-102.38833,1961 to 1970,1.6,texas
861,1964,32.98333,-102.38833,1961 to 1970,0.861,texas
611.9,1941,41.03333,-102.88333,1950 and older,0.6119,nebraska
94.5,1978,34.8125,-106.79167,1971 to 1980,0.0945,new mexico
4018,1916,39.12417,-98.16778,1950 and older,4.018,kansas
309,1980,33.28944,-102.54306,1971 to 1980,0.309,texas
11,1931,37.65,-105.73333,1950 and older,0.011,colorado
3000,1868,34.25,-84.5,1950 and older,3,georgia
1457.8,1938,33.6,-101.73333,1950 and older,1.4578,texas
15.8,1963,34.5,-116.95,1961 to 1970,0.0158,california
5.8,1963,34.5,-116.95,1961 to 1970,0.0058,california
7.5,1963,34.5,-116.95,1961 to 1970,0.0075,california
37.4,1963,34.5,-116.95,1961 to 1970,0.037399999999999996,california
3.1,1963,34.5,-116.95,1961 to 1970,0.0031,california
26.9,1963,34.5,-116.95,1961 to 1970,0.0269,california
4.8,1963,34.5,-116.95,1961 to 1970,0.0048,california
2,1964,34.5,-116.95,1961 to 1970,0.002,california
3,1965,34.5,-116.95,1961 to 1970,0.003,california
6.4,1965,34.5,-116.95,1961 to 1970,0.0064,california
3.8,1968,34.5,-116.95,1961 to 1970,0.0038,california
1.2,1968,34.5,-116.95,1961 to 1970,0.0012,california
14,1992,34.5,-116.95,1991 to 2000,0.014,california
3.4,1998,34.50133,-116.96467,1991 to 2000,0.0034,california
12.5,1998,34.5095,-116.95583,1991 to 2000,0.0125,california
4.1,1998,34.5125,-116.95083,1991 to 2000,0.0040999999999999995,california
12.8,1999,34.5,-116.95,1991 to 2000,0.0128,california
0.97,2002,34.48793,-116.9488,2001 to 2010,9.699999999999999e-4,california
3.91,2002,34.48868,-116.94985,2001 to 2010,0.00391,california
18.4,2002,34.4918,-116.943,2001 to 2010,0.0184,california
3.92,2002,34.49312,-116.94662,2001 to 2010,0.00392,california
16.49,2002,34.49058,-116.95032,2001 to 2010,0.016489999999999998,california
7.56,2002,34.49095,-116.95038,2001 to 2010,0.00756,california
2.71,2003,34.49553,-116.9471,2001 to 2010,0.00271,california
21,2003,34.51087,-116.93545,2001 to 2010,0.021,california
5.6,2003,34.5001,-116.94217,2001 to 2010,0.0056,california
3.1,2003,34.48715,-116.95337,2001 to 2010,0.0031,california
3,2003,34.4875,-116.95567,2001 to 2010,0.003,california
10.1,2003,34.487,-116.956,2001 to 2010,0.0101,california
4.12,2004,34.48708,-116.95797,2001 to 2010,0.00412,california
3.22,2004,34.4871,-116.9578,2001 to 2010,0.00322,california
11.87,2004,34.49015,-116.94985,2001 to 2010,0.011869999999999999,california
0.92,2004,34.4868,-116.95837,2001 to 2010,9.2e-4,california
2.48,2004,34.48793,-116.95638,2001 to 2010,0.00248,california
0.9,2004,34.48887,-116.95223,2001 to 2010,9e-4,california
5.21,2004,34.4921,-116.94308,2001 to 2010,0.00521,california
0.84,2004,34.48975,-116.94277,2001 to 2010,8.399999999999999e-4,california
2.17,2004,34.48595,-116.9637,2001 to 2010,0.00217,california
1.75,2004,34.48457,-116.96255,2001 to 2010,0.00175,california
106.22,2004,34.48413,-116.96083,2001 to 2010,0.10622,california
38.56,2004,34.487,-116.96512,2001 to 2010,0.038560000000000004,california
10.32,2004,34.48742,-116.9735,2001 to 2010,0.010320000000000001,california
30.43,2004,34.48613,-116.9739,2001 to 2010,0.03043,california
2.29,2004,34.48667,-116.95833,2001 to 2010,0.00229,california
9.2,2004,34.48472,-116.96107,2001 to 2010,0.0092,california
6.85,2005,34.48728,-116.95833,2001 to 2010,0.006849999999999999,california
6,2003,34.525,-116.95333,2001 to 2010,0.006,california
13.15,2005,34.486,-116.97275,2001 to 2010,0.01315,california
0.85,2006,34.51092,-116.93962,2001 to 2010,8.5e-4,california
2.6,2007,34.48972,-116.98128,2001 to 2010,0.0026,california
30.7,2007,34.48823,-116.97797,2001 to 2010,0.030699999999999998,california
12.7,2007,34.48075,-116.9788,2001 to 2010,0.0127,california
0.6,2007,34.48148,-116.95325,2001 to 2010,6e-4,california
3.93,2007,34.4887,-116.9788,2001 to 2010,0.00393,california
3.5,2008,34.48712,-116.96147,2001 to 2010,0.0035,california
1.1,2008,34.48657,-116.9592,2001 to 2010,0.0011,california
7.3,2008,34.48662,-116.9564,2001 to 2010,0.0073,california
6.5,2008,34.48565,-116.95673,2001 to 2010,0.0065,california
1.5,2008,34.48703,-116.95595,2001 to 2010,0.0015,california
3.2,2008,34.48733,-116.96055,2001 to 2010,0.0032,california
0.8,2008,34.48738,-116.96065,2001 to 2010,8e-4,california
4,2008,34.48598,-116.95593,2001 to 2010,0.004,california
43.1,2010,34.48388,-116.9501,2001 to 2010,0.0431,california
35400,1973,32.83611,-99.60417,1971 to 1980,35.4,texas
7000,1896,34,-106.96667,1950 and older,7,new mexico
32.5,2003,38.39918,-115.9967,2001 to 2010,0.0325,nevada
861,1976,39.11667,-98.68333,1971 to 1980,0.861,kansas
6700,1914,40.74972,-97.74972,1950 and older,6.7,nebraska
46,1940,42.76667,-104.35,1950 and older,0.046,wyoming
42000,1984,34.21667,-103.91667,1981 to 1990,42,new mexico
370,1999,40.6265,-118.41033,1991 to 2000,0.37,nevada
2420,2003,40.62832,-118.4167,2001 to 2010,2.42,nevada
1306,2003,40.63078,-118.40918,2001 to 2010,1.306,nevada
1823.3,2007,40.61667,-118.38472,2001 to 2010,1.8233,nevada
2854,2012,40.89201,-118.55319,2011 to current day,2.854,nevada
750,2008,34.849,-99.704,2001 to 2010,0.75,oklahoma
49000,1939,42.18333,-95.71667,1950 and older,49,iowa
68,1991,42.29111,-88.62556,1991 to 2000,0.068,illinois
50,1980,33.25,-112.05,1971 to 1980,0.05,arizona
2890,1955,38.36667,-97.03333,1951 to 1960,2.89,kansas
68000,1936,34.6,-97.91667,1950 and older,68,oklahoma
6800,1860,37,-88.25,1950 and older,6.8,kentucky
6850,1933,42.45,-103.3,1950 and older,6.85,nebraska
7140,1898,31.5,-96.88333,1950 and older,7.14,texas
6900,1955,39.47444,-96.925,1951 to 1960,6.9,kansas
38400,1972,37.30833,-97.545,1971 to 1980,38.4,kansas
15400,1920,36.38333,-79.86667,1950 and older,15.4,north carolina:main
1100,1935,33.75,-100.93333,1950 and older,1.1,texas
3602,1965,40.02,-100.78333,1961 to 1970,3.602,nebraska
1530,1980,38.525,-99.81,1971 to 1980,1.53,kansas
11800,1989,32.925,-102.625,1981 to 1990,11.8,texas
2990,1989,32.925,-102.625,1981 to 1990,2.99,texas
150000,1870,33.18333,-96.71667,1950 and older,150,texas
4300,1939,35.23333,-100.6,1950 and older,4.3,texas
1495,1975,33.33139,-102.26889,1971 to 1980,1.495,texas
691,1981,33.33139,-102.26889,1981 to 1990,0.691,texas
36400,1933,34.38333,-103.61667,1950 and older,36.4,new mexico
50.5,1971,34.39833,-103.605,1971 to 1980,0.0505,new mexico
7746,1950,38.525,-95.78056,1950 and older,7.746,kansas
1417.5,1941,31.42611,-100.13333,1950 and older,1.4175,texas
3720,1943,31.26667,-100.83333,1950 and older,3.72,texas
3500,1922,37.16667,-108.5,1950 and older,3.5,colorado
57700,1930,35.66667,-100.6,1950 and older,57.7,texas
40800,1975,32.83528,-81.87389,1971 to 1980,40.8,georgia
970,1950,38.625,-96.02278,1950 and older,0.97,kansas
88000,1970,36.23,-104.11889,1961 to 1970,88,new mexico
34,1981,33.63333,-103.33333,1981 to 1990,0.034,new mexico
2040,2000,40.2875,-95.37667,1991 to 2000,2.04,missouri
89400,1857,36.55,-93.1,1950 and older,89.4,missouri
12000,1949,43.31667,-100.76667,1950 and older,12,south dakota
698.8,2004,36.55722,-114.42694,2001 to 2010,0.6988,nevada
1800,1948,38.5,-101.1,1950 and older,1.8,kansas
586,2000,32.73,-113.71,1991 to 2000,0.586,arizona
27900,1938,31.48333,-102.88333,1950 and older,27.9,texas
210,1982,36.95,-84.9,1981 to 1990,0.21,kentucky
524.5,1985,32.50333,-102.74333,1981 to 1990,0.5245,texas
330,1975,34.98333,-106.05,1971 to 1980,0.33,new mexico
295000,1890,39.33333,-100.06667,1950 and older,295,kansas
1387,1920,42.18333,-103.93333,1950 and older,1.387,nebraska
16300,1887,36.2,-83.38333,1950 and older,16.3,tennessee
18200,1999,45.5,-119.5,1991 to 2000,18.2,oregon
6400,1980,33.71667,-102.76667,1971 to 1980,6.4,texas
6220,1942,37.63333,-105.83333,1950 and older,6.22,colorado
1800,1963,35.75,-103.93333,1961 to 1970,1.8,new mexico
384000,1887,39.78333,-77.21667,1950 and older,384,pennsylvania
12.5,1897,42.7,-77.88333,1950 and older,0.0125,new york:main
676,1937,44,-89.25,1950 and older,0.676,wisconsin
900,1898,38.41667,-106.21667,1950 and older,0.9,colorado
159000,1868,36.93333,-87.4,1950 and older,159,kentucky
18255,2002,37.8594,-117.02097,2001 to 2010,18.255,nevada
9716,1963,35.63333,-100.13333,1961 to 1970,9.716,texas
3600,1972,34.12167,-102.695,1971 to 1980,3.6,texas
8600,1847,35.83333,-86.41667,1950 and older,8.6,tennessee
18.4,1936,34.91667,-117.83333,1950 and older,0.0184,california
223,1936,34.91667,-117.83333,1950 and older,0.223,california
7700,1899,35.1,-84.03333,1950 and older,7.7,north carolina:main
5397,1969,28.95,-97.40278,1961 to 1970,5.397,texas
672.3,1935,30.95,-98.26667,1950 and older,0.6723,texas
513.3,1942,30.95,-98.28333,1950 and older,0.5133,texas
18000,1934,35.96667,-77.96667,1950 and older,18,north carolina:main
25000,1939,37.45,-98.41667,1950 and older,25,kansas
2184000,1921,35.33333,-109.5,1950 and older,2184,arizona
147,2004,32.5,-111.28,2001 to 2010,0.147,arizona
44,1938,34.5,-102.25,1950 and older,0.044,texas
3600,1967,34.5,-102.25,1961 to 1970,3.6,texas
222,1970,34.58333,-102.08333,1961 to 1970,0.222,texas
1500,1968,34.58333,-102.08333,1961 to 1970,1.5,texas
13100,1977,34.58333,-102.05,1971 to 1980,13.1,texas
11310,1968,34.52667,-102.105,1961 to 1970,11.31,texas
45300,1962,34.44417,-114.8325,1961 to 1970,45.3,california
1793,1976,34.04472,-102.79917,1971 to 1980,1.793,texas
13800,1948,34.8,-118.5,1950 and older,13.8,california
73030,1856,37.75,-85.5,1950 and older,73.03,kentucky
82000,1894,38.5,-99.6,1950 and older,82,kansas
652,1938,38.48333,-99.91667,1950 and older,0.652,kansas
8000,1917,39.66667,-100,1950 and older,8,kansas
20000,1922,40,-78.85,1950 and older,20,pennsylvania
266,2010,33.721,-101.8389,2001 to 2010,0.266,texas
20000,1936,46.36667,-101.95,1950 and older,20,north dakota
800,1986,33.17,-101.63833,1981 to 1990,0.8,texas
130,1935,34.5,-107,1950 and older,0.13,new mexico
100.3,1972,33.11667,-102.11667,1971 to 1980,0.1003,texas
200,1975,33.11833,-102.11333,1971 to 1980,0.2,texas
3400,1995,40.62583,-103.84033,1991 to 2000,3.4,colorado
4800,1941,39.8,-84.81667,1950 and older,4.8,ohio
5600,1923,35.6,-91.26667,1950 and older,5.6,arkansas
892,1939,37.6,-105.83333,1950 and older,0.892,colorado
115,1879,48,-97.93333,1950 and older,0.115,north dakota
3200,1940,39.81667,-100.2,1950 and older,3.2,kansas
15150,1932,28.86667,-97.61667,1950 and older,15.15,texas
23000,1907,36.9,-76.3,1950 and older,23,virginia:main
4200,1965,32.51667,-82.55,1961 to 1970,4.2,georgia
353,1963,42.31667,-72.63333,1961 to 1970,0.353,massachusetts:main
76000,1972,39.99167,-98.34167,1971 to 1980,76,kansas
500,1950,27.5,-99.5,1950 and older,0.5,texas
6400,1986,36.29533,-105.04833000000001,1981 to 1990,6.4,new mexico
111000,1926,42.33333,-113.7,1950 and older,111,idaho
27700,1895,38.95,-101.01667,1950 and older,27.7,kansas
606,1968,34.22833,-103.35833,1961 to 1970,0.606,new mexico
2500,1911,39.8,-100.51667,1950 and older,2.5,kansas
28570,1990,32.83333,-116.06667,1981 to 1990,28.57,california
1304.2,2004,34.13228,-112.70225,2001 to 2010,1.3042,arizona
1600000,1922,31.71667,-102.4,1950 and older,1600,texas
12700,1992,32.91217,-101.91867,1991 to 2000,12.7,texas
3300,1918,41.16667,-101.66667,1950 and older,3.3,nebraska
1000,1916,26.68333,-80.8,1950 and older,1,florida
156,1854,33.5,-89,1950 and older,0.156,mississippi
42,2000,34.85958,-116.22113,1991 to 2000,0.042,california
2753000,1976,34.46667,-115.23333,1971 to 1980,2753,california
198.96,2008,33.67248,-114.2917,2001 to 2010,0.19896,arizona
6690,1984,41.2,-103.68333,1981 to 1990,6.69,nebraska
953,1948,34.16722,-102.13361,1950 and older,0.953,texas
513,1971,32.37167,-106.25833,1971 to 1980,0.513,new mexico
24500,1893,39.68333,-121.63333,1950 and older,24.5,california
3600,1895,33.63333,-106.38333,1950 and older,3.6,new mexico
144.8,1961,44.07694,-88.56278,1961 to 1970,0.1448,wisconsin
2600,1940,38.53333,-99.05,1950 and older,2.6,kansas
28,1970,35.16667,-105.98333,1961 to 1970,0.028,new mexico
1374,1998,38.96667,-94.66667,1991 to 2000,1.374,kansas
6169,1939,40.96667,-102.4,1950 and older,6.169,colorado
860,1943,40.75833,-102.375,1950 and older,0.86,colorado
168400,1984,41.2,-103.68333,1981 to 1990,168.4,nebraska
192800,1913,37.46667,-118,1950 and older,192.8,california
6000,1985,40.16667,-99.66667,1981 to 1990,6,nebraska
127500,1929,30.73333,-101.3,1950 and older,127.5,texas
13630,1980,39.16667,-101.28333,1971 to 1980,13.63,kansas
9979,1908,36.4665,-88.60283,1950 and older,9.979,tennessee
1482,1954,36.5,-104.5,1951 to 1960,1.482,new mexico
9158,2004,34.71457,-114.19142,2001 to 2010,9.158,arizona
3000,1935,34.9,-101.21667,1950 and older,3,texas
1360,1969,35.33333,-101.38333,1961 to 1970,1.36,texas
13000,1969,39.11,-100.36167,1961 to 1970,13,kansas
2150,1940,43.8,-117,1950 and older,2.15,idaho
14900,1983,32.5,-102.03333,1981 to 1990,14.9,texas
725,1901,34,-84.8,1950 and older,0.725,georgia
159,2004,33.18667,-114.91783,2001 to 2010,0.159,california
1728,2001,34.23333,-111.4,2001 to 2010,1.728,arizona
1600,1926,32,-102,1950 and older,1.6,texas
691,1980,30.33333,-98.95,1971 to 1980,0.691,texas
11500,1937,40.95,-103.08333,1950 and older,11.5,colorado
618,1999,33.66667,-108.1,1991 to 2000,0.618,new mexico
3580,1947,39.35,-99.91667,1950 and older,3.58,kansas
591,1966,33.73,-102.57667,1961 to 1970,0.591,texas
2114,1975,36.35333,-100.73167,1971 to 1980,2.114,texas
17500,1906,37.73333,-89.85,1950 and older,17.5,missouri
5000,1893,35.05,-84.23333,1950 and older,5,north carolina:main
1360,1935,40.45,-102.38333,1950 and older,1.36,colorado
22000,1952,33.2,-105,1951 to 1960,22,new mexico
400,1908,34.5,-84.5,1950 and older,0.4,georgia
100000,1917,37.86667,-100.66667,1950 and older,100,kansas
2125,1939,37.86667,-100.66667,1950 and older,2.125,kansas
210,1947,32.2,-111,1950 and older,0.21,arizona
2700,1935,41.18333,-104.06667,1950 and older,2.7,wyoming
3600,1931,44.21667,-89.1,1950 and older,3.6,wisconsin
17850,1928,32.66667,-105.1,1950 and older,17.85,new mexico
17900,1954,34,-115.78333,1951 to 1960,17.9,california
13600,1887,29.68333,-98.91667,1950 and older,13.6,texas
600,1850,40.43333,-80,1950 and older,0.6,pennsylvania
34300,1964,33.28333,-102.76667,1961 to 1970,34.3,texas
280,1991,33.26667,-102.9,1991 to 2000,0.28,texas
700000,1917,34.11667,-101.78333,1950 and older,700,texas
2200,1950,34.11667,-101.78333,1950 and older,2.2,texas
631,1963,34.125,-101.75667,1961 to 1970,0.631,texas
700,1979,34.1875,-101.70417,1971 to 1980,0.7,texas
1250,2010,34.18513,-101.70558,2001 to 2010,1.25,texas
2300,1935,38.18333,-94.71667,1950 and older,2.3,kansas
14000,1893,41.33333,-86.31667,1950 and older,14,indiana
18000,1956,36.5,-104.5,1951 to 1960,18,new mexico
800,1954,36.5,-104.5,1951 to 1960,0.8,new mexico
524,1971,38.17,-110.36667,1971 to 1980,0.524,utah
4642,1947,31.66333,-99.95,1950 and older,4.642,texas
3240,1967,34.06667,-103.5,1961 to 1970,3.24,new mexico
595.8,1967,34.06667,-103.5,1961 to 1970,0.5958,new mexico
6000,1967,34.1,-103.41667,1961 to 1970,6,new mexico
30,1959,39.56667,-98.68333,1951 to 1960,0.03,kansas
2000,1965,33.11667,-101.38333,1961 to 1970,2,texas
261000,1941,41.23333,-103.3,1950 and older,261,nebraska
42.8,2011,34.68222,-114.33046,2011 to current day,0.0428,arizona
1062,2008,34.7049,-114.34572,2001 to 2010,1.062,arizona
4310,1990,38.66667,-82.78333,1981 to 1990,4.31,ohio
2900,1893,39.63333,-100.5,1950 and older,2.9,kansas
3383,1997,35.66667,-115.36667,1991 to 2000,3.383,nevada
6804,1903,38.56667,-85.23333,1950 and older,6.804,kentucky
7.7,1944,34.4,-106.85,1950 and older,0.0077,new mexico
4500,1977,29.5,-98.05,1971 to 1980,4.5,texas
32700,1839,33.25,-83.25,1950 and older,32.7,georgia
4832,1935,37.2,-116.7,1950 and older,4.832,nevada
69.7,2002,33.68085,-114.1958,2001 to 2010,0.0697,arizona
1450000,1908,38.08333,-115.53333,1950 and older,1450,nevada
20,2000,34.44567,-117.01083,1991 to 2000,0.02,california
122.7,1997,32.44667,-111.34667,1991 to 2000,0.1227,arizona
12100,1982,34.76778,-103.55,1981 to 1990,12.1,new mexico
11800,1980,34.78333,-103.66667,1971 to 1980,11.8,new mexico
112.9,2005,35.4005,-117.66617,2001 to 2010,0.1129,california
15000,1938,38.61667,-99.93333,1950 and older,15,kansas
230,1948,39.78333,-100,1950 and older,0.23,kansas
21.5,2001,35.65306,-114.02437,2001 to 2010,0.0215,arizona
94,2001,35.64552,-114.03069,2001 to 2010,0.094,arizona
13.5,2001,35.6464,-114.02849,2001 to 2010,0.0135,arizona
12,2001,35.64645,-114.02853,2001 to 2010,0.012,arizona
40,2001,35.62705,-114.04336,2001 to 2010,0.04,arizona
13,2001,35.62723,-114.04323,2001 to 2010,0.013,arizona
17,2002,35.66185,-114.0271,2001 to 2010,0.017,arizona
5.9,2002,35.66375,-114.02698,2001 to 2010,0.005900000000000001,arizona
17.9,2003,35.69732,-114.032,2001 to 2010,0.0179,arizona
6.55,2003,35.67947,-114.04338,2001 to 2010,0.006549999999999999,arizona
11.3,2004,35.6448,-114.03452,2001 to 2010,0.011300000000000001,arizona
5.25,2004,35.62682,-114.04373,2001 to 2010,0.00525,arizona
4.8,2002,35.69733,-114.06167,2001 to 2010,0.0048,arizona
6,2006,35.63333,-114.08333,2001 to 2010,0.006,arizona
6,2006,35.64133,-114.09,2001 to 2010,0.006,arizona
3,2006,35.647,-114.0955,2001 to 2010,0.003,arizona
6.2,2009,35.65868,-114.02573,2001 to 2010,0.0062,arizona
26.2,2008,35.64,-114.03285,2001 to 2010,0.026199999999999998,arizona
4.35,2010,35.62453,-114.04688,2001 to 2010,0.00435,arizona
800000,1808,32,-95,1950 and older,800,texas
47600,1976,35.41667,-117.91667,1971 to 1980,47.6,california
2750,1899,40.25,-100.5,1950 and older,2.75,nebraska
20000,1895,43.86667,-85.51667,1950 and older,20,michigan:south
81600,1986,36.98667,-97.555,1981 to 1990,81.6,oklahoma
135,1942,40.08333,-98.91667,1950 and older,0.135,nebraska
6240,1961,33.53333,-99.61667,1961 to 1970,6.24,texas
40800,1983,37.22222,-101.68139,1981 to 1990,40.8,kansas
50600,1951,31.9,-96.4,1951 to 1960,50.6,texas
9.69,1958,35.58333,-117.56667,1951 to 1960,0.009689999999999999,california
102700,1948,38.51667,-107.83333,1950 and older,102.7,colorado
1001,2011,35.3,-106.63333,2011 to current day,1.001,new mexico
10.56,1998,35.63333,-115.36667,1991 to 2000,0.01056,nevada
5,2000,35.65933,-115.37167,1991 to 2000,0.005,nevada
4.2,2000,35.6717,-115.36722,1991 to 2000,0.004200000000000001,nevada
6.53,2001,35.68345,-115.34703,2001 to 2010,0.00653,nevada
59.2,2001,35.67298,-115.36717,2001 to 2010,0.0592,nevada
18.65,2002,35.68078,-115.34062,2001 to 2010,0.01865,nevada
10.13,2002,35.67405,-115.36807,2001 to 2010,0.01013,nevada
36.2,2002,35.6701,-115.37248,2001 to 2010,0.0362,nevada
18.26,2002,35.67725,-115.3566,2001 to 2010,0.018260000000000002,nevada
29.9,2002,35.67355,-115.35067,2001 to 2010,0.0299,nevada
39.6,2010,35.66594,-115.37081,2001 to 2010,0.0396,nevada
5.2,1979,34.08333,-103.5,1971 to 1980,0.0052,new mexico
25.3,1979,34.08333,-103.5,1971 to 1980,0.0253,new mexico
2.1,1979,34.08333,-103.5,1971 to 1980,0.0021000000000000003,new mexico
1641,1980,34.42222,-101.4975,1971 to 1980,1.641,texas
52.7,2003,41.65,-109.025,2001 to 2010,0.052700000000000004,wyoming
982,1974,34.065,-103.40833,1971 to 1980,0.982,new mexico
440,1936,37.11667,-101.6,1950 and older,0.44,kansas
207.5,1939,37.11667,-101.6,1950 and older,0.2075,kansas
435,1941,37.08333,-101.6,1950 and older,0.435,kansas
50,1942,37.08333,-101.6,1950 and older,0.05,kansas
17200,1938,35.76667,-102.95,1950 and older,17.2,texas
5200,1972,34.86667,-98.95,1971 to 1980,5.2,oklahoma
462,1968,33.78333,-103.56667,1961 to 1970,0.462,new mexico
18.2,1973,33.71667,-103.65,1971 to 1980,0.0182,new mexico
30.3,1976,33.88333,-103.56667,1971 to 1980,0.0303,new mexico
882,1977,34.08333,-103.5,1971 to 1980,0.882,new mexico
12,1978,34.21667,-103.28333,1971 to 1980,0.012,new mexico
9.7,1979,34.08333,-103.5,1971 to 1980,0.009699999999999999,new mexico
23.6,1979,33.08333,-103.5,1971 to 1980,0.023600000000000003,new mexico
2.9,1980,33.75,-103.13333,1971 to 1980,0.0029,new mexico
173.1,1981,34.1,-103.48333,1981 to 1990,0.1731,new mexico
35.2,1981,34.1,-103.48333,1981 to 1990,0.0352,new mexico
74.7,1981,34.1,-103.48333,1981 to 1990,0.0747,new mexico
16.3,1981,34.1,-103.48333,1981 to 1990,0.016300000000000002,new mexico
138.2,1981,34.1,-103.48333,1981 to 1990,0.1382,new mexico
177.8,1981,34.21667,-103.2,1981 to 1990,0.1778,new mexico
10.8,1981,34.31667,-103.41667,1981 to 1990,0.0108,new mexico
450,1982,34.11667,-103.56667,1981 to 1990,0.45,new mexico
528,1983,34.13333,-103.56667,1981 to 1990,0.528,new mexico
96,1983,33.81806,-103.20694,1981 to 1990,0.096,new mexico
8.7,1983,34.21667,-103.28333,1981 to 1990,0.0087,new mexico
59.2,1984,34.18333,-103.23333,1981 to 1990,0.0592,new mexico
5.6,1984,34.08333,-103.5,1981 to 1990,0.0056,new mexico
4.3,1984,34.08333,-103.5,1981 to 1990,0.0043,new mexico
12.4,1984,34.15,-104.01667,1981 to 1990,0.0124,new mexico
22.3,1984,33.8,-103.25,1981 to 1990,0.0223,new mexico
67.3,1984,34.08333,-103.5,1981 to 1990,0.0673,new mexico
4.9,1984,34.08333,-103.5,1981 to 1990,0.004900000000000001,new mexico
3.1,1984,34.28333,-103.43333,1981 to 1990,0.0031,new mexico
397.1,1984,33.78333,-103.55,1981 to 1990,0.3971,new mexico
141.1,1968,34.08333,-103.5,1961 to 1970,0.1411,new mexico
21.8,1968,34.08333,-103.5,1961 to 1970,0.0218,new mexico
118.5,1968,34.08333,-103.61667,1961 to 1970,0.1185,new mexico
81.6,1968,34.08333,-103.61667,1961 to 1970,0.08159999999999999,new mexico
65.2,1968,34.08333,-103.61667,1961 to 1970,0.06520000000000001,new mexico
94.3,1968,34.08333,-103.51667,1961 to 1970,0.0943,new mexico
49.4,1968,34.3,-103.45,1961 to 1970,0.0494,new mexico
38,1969,34.08333,-103.5,1961 to 1970,0.038,new mexico
71.1,1969,34.08333,-103.5,1961 to 1970,0.0711,new mexico
32.4,1969,34.08333,-103.5,1961 to 1970,0.0324,new mexico
32.6,1969,34.08333,-103.51667,1961 to 1970,0.032600000000000004,new mexico
52.1,1969,34.08333,-103.61667,1961 to 1970,0.0521,new mexico
439.1,1970,34.25,-103.51667,1961 to 1970,0.43910000000000005,new mexico
55.5,1970,34.23333,-103.25,1961 to 1970,0.0555,new mexico
120.4,1970,34.1,-103.48333,1961 to 1970,0.12040000000000001,new mexico
30.3,1970,34.13333,-103.36667,1961 to 1970,0.0303,new mexico
57.3,1970,33.61667,-103.45,1961 to 1970,0.0573,new mexico
22.8,1971,34.08333,-103.5,1971 to 1980,0.0228,new mexico
13.1,1971,34.08333,-103.5,1971 to 1980,0.013099999999999999,new mexico
29.4,1971,34.21667,-103.35,1971 to 1980,0.0294,new mexico
17.7,1971,34.1,-103.48333,1971 to 1980,0.0177,new mexico
10.8,1971,33.88333,-103.7,1971 to 1980,0.0108,new mexico
361.5,1971,34.3,-103.43333,1971 to 1980,0.3615,new mexico
7.9,1971,34.3,-103.43333,1971 to 1980,0.0079,new mexico
10.3,1972,34.41667,-103.58333,1971 to 1980,0.0103,new mexico
7.7,1973,34.21667,-103.28333,1971 to 1980,0.0077,new mexico
12,1968,34.08333,-103.5,1961 to 1970,0.012,new mexico
26.2,1968,34.08333,-103.5,1961 to 1970,0.026199999999999998,new mexico
34.2,1968,34.08333,-103.61667,1961 to 1970,0.0342,new mexico
49.5,1968,34.08333,-103.51667,1961 to 1970,0.0495,new mexico
16.2,1969,34.21667,-103.5,1961 to 1970,0.0162,new mexico
34.7,1969,34.08333,-103.5,1961 to 1970,0.0347,new mexico
24.8,1969,34.08333,-103.5,1961 to 1970,0.0248,new mexico
405.8,1971,33.61667,-103.45,1971 to 1980,0.4058,new mexico
4.9,1988,34.1,-103.48333,1981 to 1990,0.004900000000000001,new mexico
2.1,1988,34.1,-103.48333,1981 to 1990,0.0021000000000000003,new mexico
13.9,1988,34.1,-103.48333,1981 to 1990,0.013900000000000001,new mexico
4.8,1989,34.1,-103.48333,1981 to 1990,0.0048,new mexico
2.3,1989,34.1,-103.48333,1981 to 1990,0.0023,new mexico
5.3,1989,34.1,-103.48333,1981 to 1990,0.0053,new mexico
9.8,1989,34.1,-103.48333,1981 to 1990,0.009800000000000001,new mexico
288,1989,34.08333,-103.48333,1981 to 1990,0.288,new mexico
22.2,1990,34.08333,-103.51667,1981 to 1990,0.0222,new mexico
258,1990,34.18333,-103.43333,1981 to 1990,0.258,new mexico
3.3,1992,34.08333,-103.5,1991 to 2000,0.0033,new mexico
10.9,1992,34.08333,-103.5,1991 to 2000,0.0109,new mexico
6.9,1992,34.08333,-103.5,1991 to 2000,0.006900000000000001,new mexico
30.2,1993,34.1,-103.58333,1991 to 2000,0.030199999999999998,new mexico
727.8,1968,34.05,-103.5,1961 to 1970,0.7278,new mexico
522.2,1969,33.63333,-103.16667,1961 to 1970,0.5222,new mexico
137,1969,34.08333,-103.56667,1961 to 1970,0.137,new mexico
14.8,1969,33.66667,-103.41667,1961 to 1970,0.0148,new mexico
69.6,1969,34.2,-103.23333,1961 to 1970,0.0696,new mexico
140,1969,34.31667,-103.38333,1961 to 1970,0.14,new mexico
9,1974,34.28333,-103.28333,1971 to 1980,0.009,new mexico
8.2,1977,34.06667,-103.51667,1971 to 1980,0.008199999999999999,new mexico
7.5,1978,33.88333,-103.56667,1971 to 1980,0.0075,new mexico
1615,1980,34.13333,-103.53333,1971 to 1980,1.615,new mexico
6.4,1993,34.28333,-103.51667,1991 to 2000,0.0064,new mexico
3.15,1994,34.08333,-103.5,1991 to 2000,0.00315,new mexico
34.29,1994,34.08333,-103.5,1991 to 2000,0.03429,new mexico
2.78,1994,34.08333,-103.5,1991 to 2000,0.00278,new mexico
3.55,1994,34.08333,-103.5,1991 to 2000,0.0035499999999999998,new mexico
12.1,1995,34.09167,-103.50167,1991 to 2000,0.0121,new mexico
212.2,1996,34.09167,-103.67667,1991 to 2000,0.2122,new mexico
56,1996,33.95833,-103.93833,1991 to 2000,0.056,new mexico
15,1969,34.21667,-103.55,1961 to 1970,0.015,new mexico
9.8,1969,33.6,-103.3,1961 to 1970,0.009800000000000001,new mexico
6.8,1970,34.3,-103.45,1961 to 1970,0.0068,new mexico
12.6,1979,34.05,-103.58333,1971 to 1980,0.0126,new mexico
8345,1988,33.995,-103.25,1981 to 1990,8.345,new mexico
10,1998,33.73883,-103.65,1991 to 2000,0.01,new mexico
51.7,1998,33.72217,-103.67333000000001,1991 to 2000,0.0517,new mexico
30,1998,34.18833,-103.94167,1991 to 2000,0.03,new mexico
98.8,2001,34.21667,-103.93333,2001 to 2010,0.0988,new mexico
81.2,2000,34.21667,-103.13333,1991 to 2000,0.08120000000000001,new mexico
4.75,2004,34.21667,-103.18333,2001 to 2010,0.00475,new mexico
17.3,2005,34.21667,-103.18333,2001 to 2010,0.0173,new mexico
73.7,1987,33.736667,-103.623333,1981 to 1990,0.0737,new mexico
11.1,2012,34.82793,-118.1464,2011 to current day,0.0111,california
850,1940,34.83333,-118.06667,1950 and older,0.85,california
54900,1915,30.81667,-97.05,1950 and older,54.9,texas
9935,1934,30.05806,-96.65139,1950 and older,9.935,texas
7166,1939,30.06667,-96.7,1950 and older,7.166,texas
6000,1986,39.16667,-98.43333,1981 to 1990,6,kansas
17590,1990,46.78333,-108.56667,1981 to 1990,17.59,montana
47200,1933,35.95,-104.2,1950 and older,47.2,new mexico
5619,1934,35.95,-104.2,1950 and older,5.619,new mexico
53070,1844,34.3,-81.4,1950 and older,53.07,south carolina
4300,1948,39.5,-85.5,1950 and older,4.3,indiana
9300,1938,38.61667,-102.71667,1950 and older,9.3,colorado
50,1866,39.61667,-85.45,1950 and older,0.05,indiana
13200,1863,39.8,-105.5,1950 and older,13.2,colorado
8.9,1982,32.13333,-111.13333,1981 to 1990,0.0089,arizona
237200,1890,32.91667,-104.66667,1950 and older,237.2,new mexico
98.9,2003,34.75637,-114.23435,2001 to 2010,0.0989,arizona
892.8,2004,34.75635,-114.2343,2001 to 2010,0.8927999999999999,arizona
89.2,2004,34.75873,-114.23342,2001 to 2010,0.0892,arizona
28.6,2004,34.75078,-114.22717,2001 to 2010,0.0286,arizona
52.3,2004,34.74667,-114.21,2001 to 2010,0.0523,arizona
44500,1979,32.86583,-97.32306,1971 to 1980,44.5,texas
22000,1974,40.71667,-90.41667,1971 to 1980,22,illinois
235,1908,38.98333,-111.85,1950 and older,0.235,utah
30800,1901,39.4,-100.4,1950 and older,30.8,kansas
875,1869,40.91667,-111.66667,1950 and older,0.875,utah
3600,1850,37.95,-85.78333,1950 and older,3.6,kentucky
6920,1894,42.53333,-122.875,1950 and older,6.92,oregon
88000,1897,31.41667,-100.35,1950 and older,88,texas
258,2010,34.00056,-115.72972,2001 to 2010,0.258,california
36000,1887,36,-119,1950 and older,36,california
1700,1920,35,-112,1950 and older,1.7,arizona
31.8,2005,32.16657,-111.11718,2001 to 2010,0.0318,arizona
72,1887,29.5,-98.5,1950 and older,0.072,texas
2443,1986,39.43,-99.995,1981 to 1990,2.443,kansas
1200,1947,40.81667,-102.25,1950 and older,1.2,colorado
6800,1936,30.13333,-102.15,1950 and older,6.8,texas
1330,1999,40.43333,-98.06667,1991 to 2000,1.33,nebraska
45000,1925,35.25,-106.5,1950 and older,45,new mexico
9350,1938,35.93333,-91.63333,1950 and older,9.35,arkansas
5950,1983,39.84433,-100.51,1981 to 1990,5.95,kansas
800000,1940,32.94889,-81.865,1950 and older,800,georgia
60000,1923,35.16667,-88.18333,1950 and older,60,tennessee
18.54,2002,40.86217,-118.54167,2001 to 2010,0.018539999999999997,nevada
8100,2006,37.52392,-98.62993,2001 to 2010,8.1,kansas
2135,1905,38.46667,-100.93333,1950 and older,2.135,kansas
10000,1867,36.76667,-86.16667,1950 and older,10,kentucky
118000,1937,32.5,-101,1950 and older,118,texas
13000,1962,32.93333,-102.58333,1961 to 1970,13,texas
4600,1976,32.91722,-102.5,1971 to 1980,4.6,texas
26810,1989,32.98333,-102.56667,1981 to 1990,26.81,texas
750,1956,39.36667,-100.63333,1951 to 1960,0.75,kansas
3500,1941,39.3,-102.83333,1950 and older,3.5,colorado
8600,1991,39.27667,-102.88667,1991 to 2000,8.6,colorado
1560,1960,39.53333,-100.56667,1951 to 1960,1.56,kansas
2200,1949,35.28333,-112.86667,1950 and older,2.2,arizona
140600,1906,32.4,-87,1950 and older,140.6,alabama
43900,1961,32.68333,-102.61667,1961 to 1970,43.9,texas
1184,1965,32.54333,-102.705,1961 to 1970,1.184,texas
1711,1967,32.55,-102.39167,1961 to 1970,1.711,texas
1710,1976,32.71667,-102.65,1971 to 1980,1.71,texas
758.2,1977,32.71667,-102.65,1971 to 1980,0.7582000000000001,texas
5421,2008,32.70038,-102.67268,2001 to 2010,5.421,texas
640.4,1999,32.71667,-102.65,1991 to 2000,0.6404,texas
478,1976,32.71667,-102.65,1971 to 1980,0.478,texas
1192.7,1976,32.71667,-102.65,1971 to 1980,1.1927,texas
1900,1936,39.83333,-96.06667,1950 and older,1.9,kansas
4000,1850,42.91667,-76.78333,1950 and older,4,new york:main
11500,1923,41.78333,-84.18333,1950 and older,11.5,michigan:south
3800,1977,34.26889,-101.64722,1971 to 1980,3.8,texas
25900,1940,37.2375,-92.78694,1950 and older,25.9,missouri
3027,1933,32.4,-102.58333,1950 and older,3.027,texas
4650,1936,33.7,-101.93333,1950 and older,4.65,texas
23400,1983,38.77083,-101.79833000000001,1981 to 1990,23.4,kansas
17500,1937,39.53333,-103.33333,1950 and older,17.5,colorado
62.1,1999,34.125,-115.56333,1991 to 2000,0.0621,california
4.4,1999,34.125,-115.56333,1991 to 2000,0.0044,california
9780,1962,38.7,-100.35,1961 to 1970,9.78,kansas
39000,1869,38.66667,-120.93333,1950 and older,39,california
12000,1907,39.76667,-76.66667,1950 and older,12,pennsylvania
6000,1941,41.05,-102.9,1950 and older,6,nebraska
1000,1962,33,-107.5,1961 to 1970,1,new mexico
43.8,2000,35.51752,-116.17607,1991 to 2000,0.0438,california
5100,1939,32.48333,-111.56667,1950 and older,5.1,arizona
11600,1887,41.23333,-104.98333,1950 and older,11.6,wyoming
218.8,2000,35.37333,-116.125,1991 to 2000,0.21880000000000002,california
16.5,2000,35.34443,-116.11485,1991 to 2000,0.0165,california
2576,1938,34.53333,-101.18333,1950 and older,2.576,texas
1070,1941,33.43333,-101.75,1950 and older,1.07,texas
78,1976,33.11861,-102.74056,1971 to 1980,0.078,texas
8220,1962,34.65,-91.58333,1961 to 1970,8.22,arkansas
1585,1937,39.83333,-99.01667,1950 and older,1.585,kansas
5000,1839,37.13333,-88.4,1950 and older,5,kentucky
69900,1940,34,-83.16667,1950 and older,69.9,georgia
5000,1863,36.41667,-80,1950 and older,5,north carolina:main
70500,1840,35.98333,-85.85,1950 and older,70.5,tennessee
254,2011,40.95465,-118.49693,2011 to current day,0.254,nevada
3273,1968,33.58333,-102.16667,1961 to 1970,3.273,texas
16900,1983,32.71667,-100.91667,1981 to 1990,16.9,texas
1160,1994,32.15833,-111.11333,1991 to 2000,1.16,arizona
99300,1927,33.7,-83.7,1950 and older,99.3,georgia
11800,1919,32.18333,-97.8,1950 and older,11.8,texas
60,1977,41.38333,-123.5,1971 to 1980,0.06,california
3700,1938,34.03333,-95.58333,1950 and older,3.7,oklahoma
2500,1893,41.65,-86.21667,1950 and older,2.5,indiana
6000,1915,43.03333,-78.03333,1950 and older,6,new york:main
4763,1971,34.26667,-101.25,1971 to 1980,4.763,texas
8860,2000,34.00111,-102.12833,1991 to 2000,8.86,texas
10400,1934,36.25,-101.21667,1950 and older,10.4,texas
8143,1965,36.34611,-97.185,1961 to 1970,8.143,oklahoma
3200,1937,37.38333,-102.63333,1950 and older,3.2,colorado
229.3,1937,37.48333,-102.67667,1950 and older,0.2293,colorado
17300,1980,34.34444,-102.22361,1971 to 1980,17.3,texas
983,2011,40.801,-114.701,2011 to current day,0.983,nevada
18,2011,40.792,-114.708,2011 to current day,0.018,nevada
373.5,1938,40.45,-100.75,1950 and older,0.3735,nebraska
3600,1863,37.75,-90.5,1950 and older,3.6,missouri
244500,1888,37.96667,-90.31667,1950 and older,244.5,missouri
2600,1965,31.73333,-101.505,1961 to 1970,2.6,texas
6800,1957,39.4,-100.03333,1951 to 1960,6.8,kansas
45.5,1971,34.31833,-103.47167,1971 to 1980,0.0455,new mexico
1250,2002,36.7845,-114.94967,2001 to 2010,1.25,nevada
2158.26,2000,32.4375,-81.91667,1991 to 2000,2.1582600000000003,georgia
43500,1869,38.21667,-79.05,1950 and older,43.5,virginia:main
1724.8,1950,34.21,-101.39,1950 and older,1.7247999999999999,texas
679.5,1900,40.6,-103.18333,1950 and older,0.6795,colorado
75.6,2001,36.2058,-116.17042,2001 to 2010,0.0756,california
28.9,2001,36.20758,-116.16918,2001 to 2010,0.0289,california
6.8,2001,36.21153,-116.16785,2001 to 2010,0.0068,nevada
58.9,2001,36.25547,-116.18552,2001 to 2010,0.0589,nevada
62,2001,36.22907,-116.17935,2001 to 2010,0.062,nevada
20.1,2001,36.23728,-116.1722,2001 to 2010,0.0201,nevada
8.7,2001,36.23722,-116.17242,2001 to 2010,0.0087,nevada
4.2,2001,36.23743,-116.17223,2001 to 2010,0.004200000000000001,nevada
375,2003,36.17557,-116.159,2001 to 2010,0.375,california
41.7,2003,36.18472,-116.14342,2001 to 2010,0.0417,california
49.6,2003,36.21017,-116.16825,2001 to 2010,0.0496,california
130,2012,36.235,-116.18358,2011 to current day,0.13,nevada
5000,1960,40.63783,-103.69717,1951 to 1960,5,colorado
2700,1942,37.28333,-102.2,1950 and older,2.7,colorado
121,1964,39.22167,-102.59,1961 to 1970,0.121,colorado
417,1983,29.30167,-103.5,1981 to 1990,0.417,texas
13700,2010,35.98728,-115.85828,2001 to 2010,13.7,nevada
1300,1952,37.5,-100.83333,1951 to 1960,1.3,kansas
1892,1990,32.98333,-102.37833,1981 to 1990,1.892,texas
6200,1979,34.76667,-102.41667,1971 to 1980,6.2,texas
1000,1890,34.2,-86.48333,1950 and older,1,alabama
4300,1985,36,-101.83333,1981 to 1990,4.3,texas
15.6,1985,39.16278,-112.70806,1981 to 1990,0.0156,utah
3.4,2000,35.25448,-117.10972,1991 to 2000,0.0034,california
145,2000,35.22358,-117.1136,1991 to 2000,0.145,california
65.6,2001,35.24742,-117.0999,2001 to 2010,0.06559999999999999,california
15.3,2001,35.23533,-117.1005,2001 to 2010,0.015300000000000001,california
32.92,2001,35.238,-117.0365,2001 to 2010,0.032920000000000005,california
78.5,2001,35.23883,-117.02667,2001 to 2010,0.0785,california
67.21,2001,35.23833,-117.03283,2001 to 2010,0.06720999999999999,california
77.44,2001,35.236,-117.044,2001 to 2010,0.07744,california
116.42,2001,35.23583,-117.044,2001 to 2010,0.11642,california
26.26,2001,35.23633,-117.04317,2001 to 2010,0.026260000000000002,california
2.52,2001,35.23617,-117.043,2001 to 2010,0.00252,california
2.74,2002,35.23333,-117.03945,2001 to 2010,0.0027400000000000002,california
1.77,2002,35.236,-117.04212,2001 to 2010,0.00177,california
2.74,2002,35.23667,-117.03945,2001 to 2010,0.0027400000000000002,california
307.75,2003,35.23858,-117.02628,2001 to 2010,0.30775,california
38.9,2004,35.23705,-117.01618,2001 to 2010,0.0389,california
15.8,2006,35.23625,-117.04638,2001 to 2010,0.0158,california
333,2000,32.87083,-115.7825,1991 to 2000,0.333,california
1500,1899,34.16667,-115.91667,1950 and older,1.5,california
7600,1964,40.6,-97.86667,1961 to 1970,7.6,nebraska
1200,1979,34.95,-107.16667,1971 to 1980,1.2,new mexico
1760,1961,32.55,-100.41667,1961 to 1970,1.76,texas
16.7,1925,47.25,-122.41667,1950 and older,0.0167,washington:main
270,1951,36.45,-104.1,1951 to 1960,0.27,new mexico
490,1951,36.45,-104.1,1951 to 1960,0.49,new mexico
25000,1934,34.45,-104.01667,1950 and older,25,new mexico
641,1984,34.45,-104.01667,1981 to 1990,0.641,new mexico
13000,1963,31.86667,-99.58333,1961 to 1970,13,texas
41,2004,44.93389,-116.43167,2001 to 2010,0.041,idaho
226.5,1967,39.32,-82.37,1961 to 1970,0.2265,ohio
1787,1938,33.23333,-103.44167,1950 and older,1.787,new mexico
27000,1853,36.43333,-83.75,1950 and older,27,tennessee
810,1983,34.53333,-108.35,1981 to 1990,0.81,new mexico
16600,1930,34.38333,-100.4,1950 and older,16.6,texas
5000,1959,31.11667,-97.3,1951 to 1960,5,texas
106,1998,35.91667,-114.43333,1991 to 2000,0.106,arizona
26200,1937,36.4,-103.01667,1950 and older,26.2,texas
218,1888,33.46667,-82.48333,1950 and older,0.218,georgia
500,1954,35.28333,-108.26667,1951 to 1960,0.5,new mexico
105,2008,35.16993,-114.45585,2001 to 2010,0.105,arizona
1959,1965,39.52167,-103.16667,1961 to 1970,1.959,colorado
860,1965,34.93333,-102.01667,1961 to 1970,0.86,texas
7,1982,34.98333,-101.73333,1981 to 1990,0.007,texas
8660,2011,45.425,-101.097,2011 to current day,8.66,south dakota
15300,1978,33.38333,-105.25,1971 to 1980,15.3,new mexico
260000,1965,34.25,-96.68333,1961 to 1970,260,oklahoma
5386,1963,37.2,-103.58333,1961 to 1970,5.386,colorado
6600,1974,33.21667,-102.63167,1971 to 1980,6.6,texas
823,1974,33.205,-102.65833,1971 to 1980,0.823,texas
43000,1859,32.23333,-88.2,1950 and older,43,alabama
1500,1863,42.88333,-73.6,1950 and older,1.5,new york:main
11800,1886,39.08333,-95.11667,1950 and older,11.8,kansas
1214.5,1962,41.11667,-89.80833,1961 to 1970,1.2145,illinois
175400,1889,30.3,-97.7,1950 and older,175.4,texas
5900,1889,30.55556,-97.95278,1950 and older,5.9,texas
505000,1858,43.36667,-88.13333,1950 and older,505,wisconsin
846,2005,33.91667,-112.55,2001 to 2010,0.846,arizona
43.4,1978,38.58139,-104.07667,1971 to 1980,0.0434,colorado
15900,1934,41.55,-100.96667,1950 and older,15.9,nebraska
975000,1850,31.85,-110.96667,1950 and older,975,arizona
2300,1981,34.66667,-102,1981 to 1990,2.3,texas
17.69,2001,38.99861,-113.38167,2001 to 2010,0.01769,utah
5.1,2009,38.94306,-113.37833,2001 to 2010,0.0050999999999999995,utah
1.32,2009,38.945,-113.38222,2001 to 2010,0.00132,utah
86000,1917,34.61667,-101.95,1950 and older,86,texas
4800,1917,34.53333,-101.7,1950 and older,4.8,texas
17700,1981,34.60667,-101.76667,1981 to 1990,17.7,texas
190,1969,34.555,-101.63,1961 to 1970,0.19,texas
31.73,2000,39.63611,-117.65472,1991 to 2000,0.03173,nevada
11.3,2001,39.67357,-117.60432,2001 to 2010,0.011300000000000001,nevada
7.8,2001,39.68449,-117.62072,2001 to 2010,0.0078,nevada
8.1,2001,39.68444,-117.62022,2001 to 2010,0.0081,nevada
4.7,2001,39.6844,-117.62007,2001 to 2010,0.0047,nevada
8.8,2001,39.68436,-117.62018,2001 to 2010,0.0088,nevada
44,2001,39.68518,-117.62105,2001 to 2010,0.044,nevada
7,2001,39.68072,-117.62778,2001 to 2010,0.007,nevada
31,2001,39.68035,-117.62918,2001 to 2010,0.031,nevada
13.4,2001,39.68432,-117.62052,2001 to 2010,0.0134,nevada
186.52,2003,39.683333,-117.616667,2001 to 2010,0.18652000000000002,nevada
4.48,2004,39.67917,-117.62675,2001 to 2010,0.0044800000000000005,nevada
41.6,2005,39.67888,-117.62945,2001 to 2010,0.0416,nevada
25.3,2007,39.68945,-117.62358,2001 to 2010,0.0253,nevada
26.1,2007,39.68908,-117.62257,2001 to 2010,0.0261,nevada
5.7,2007,39.6884,-117.62422,2001 to 2010,0.0057,nevada
4.6,2007,39.6872,-117.62618,2001 to 2010,0.0046,nevada
18.1,2007,39.68938,-117.62032,2001 to 2010,0.0181,nevada
9.3,2007,39.6772,-117.62858,2001 to 2010,0.009300000000000001,nevada
10.7,2007,39.68105,-117.61325,2001 to 2010,0.0107,nevada
68,2010,39.68973,-117.61822,2001 to 2010,0.068,nevada
280,2012,34.24216,-88.77594,2011 to current day,0.28,mississippi
22390,1953,47.6,-94.76667,1951 to 1960,22.39,minnesota
19700,1944,34.075,-116.01667,1950 and older,19.7,california
5130,1955,32.58333,-82.01667,1951 to 1960,5.13,georgia
19700,1962,37.63333,-102.41667,1961 to 1970,19.7,colorado
3000,1970,37.63333,-102.41667,1961 to 1970,3,colorado
21400,1999,46.7,-110.13333,1991 to 2000,21.4,montana
150,1985,32.25,-110.83333,1981 to 1990,0.15,arizona
3900,1927,37.6,-101.25,1950 and older,3.9,kansas
13000,1954,34.95,-102.1175,1951 to 1960,13,texas
6800,1853,34.75,-84,1950 and older,6.8,georgia
1000,1936,36.2,-103.9,1950 and older,1,new mexico
8200,1915,29.2,-99.76667,1950 and older,8.2,texas
72700,1930,35.51667,-79.96667,1950 and older,72.7,north carolina:main
2300,1942,42.93333,-100.75,1950 and older,2.3,nebraska
129.9,1929,35.46667,-115.66667,1950 and older,0.12990000000000002,california
1013,1960,32.4,-97.08333,1951 to 1960,1.013,texas
34360,1991,39.73633,-96.36133,1991 to 2000,34.36,kansas
35,1934,34.68333,-101.38333,1950 and older,0.035,texas
50000,1873,39.33333,-98.16667,1950 and older,50,kansas
87500,1932,35.84083,-104.58583,1950 and older,87.5,new mexico
9,1986,38.67667,-113.30167,1981 to 1990,0.009,utah
11875,1963,36.15,-101.05,1961 to 1970,11.875,texas
2000,1983,32.4,-101.95,1981 to 1990,2,texas
1300,1937,39.1,-98.83333,1950 and older,1.3,kansas
13600,1887,36.63333,-83.83333,1950 and older,13.6,kentucky
74800,1832,34,-87.16667,1950 and older,74.8,alabama
430000,1927,35.8,-113.7,1950 and older,430,arizona
1600,1956,37.325,-84.71667,1951 to 1960,1.6,kentucky
220,1978,43.827,-70.24717,1971 to 1980,0.22,maine
23410,1948,43,-107.16667,1950 and older,23.41,wyoming
3000,1976,32.90333,-102.925,1971 to 1980,3,texas
156.9,2003,34.78698,-114.25052,2001 to 2010,0.1569,arizona
5750,1927,39.7,-103.16667,1950 and older,5.75,colorado
37125,1917,47.767778,-119.876389,1950 and older,37.125,washington:main
566,1939,39.81667,-94.91667,1950 and older,0.566,kansas
5025,1960,35.833333,-98.4,1951 to 1960,5.025,oklahoma
4400,1983,32.68333,-85.56667,1981 to 1990,4.4,alabama
23600,1973,34.80167,-101.68333,1971 to 1980,23.6,texas
2000,1926,35.5,-98.7,1950 and older,2,oklahoma
38800,1898,34.25,-112.75,1950 and older,38.8,arizona
27700,1934,40.35,-103.95,1950 and older,27.7,colorado
13400,1955,34.95,-100.25,1951 to 1960,13.4,texas
55000,1940,33.03333,-102.33333,1950 and older,55,texas
343,1964,33.025,-102.41667,1961 to 1970,0.343,texas
45000,1964,33.03333,-102.33333,1961 to 1970,45,texas
1615,1966,33.01667,-102.36667,1961 to 1970,1.615,texas
959,1973,33.67833,-102.315,1971 to 1980,0.959,texas
4135,1985,33.05,-101.93333,1981 to 1990,4.135,texas
3100,1972,33.075,-102.045,1971 to 1980,3.1,texas
1750,1890,35,-94,1950 and older,1.75,arkansas
10.4,1997,35.89,-114.20333,1991 to 2000,0.0104,arizona
11.7,1999,35.85667,-114.22333,1991 to 2000,0.011699999999999999,arizona
221,1937,42.03333,-101.5,1950 and older,0.221,nebraska
2367,1971,37.59183,-97.21497,1971 to 1980,2.367,kansas
145000,1836,34.06667,-98.91667,1950 and older,145,texas
9200,1940,33.96667,-112.73333,1950 and older,9.2,arizona
372,1965,34.7,-113.6,1961 to 1970,0.372,arizona
207.8,1940,37.08333,-101.76667,1950 and older,0.2078,kansas
1360,1979,39.41667,-103.2,1971 to 1980,1.36,colorado
202,1998,32.56533,-111.7255,1991 to 2000,0.202,arizona
26600,1982,43.72444,-116.91167,1981 to 1990,26.6,idaho
3500,1938,38.15,-102.66667,1950 and older,3.5,colorado
15500000,1902,45.36667,-122.58333,1950 and older,15500,oregon
800,1978,34.43333,-105.78333,1971 to 1980,0.8,new mexico
12700,1934,34.5,-105.83333,1950 and older,12.7,new mexico
61.5,1979,32.125,-109.83333,1971 to 1980,0.0615,arizona
12,2001,32.18167,-109.7895,2001 to 2010,0.012,arizona
19.9,2004,32.14202,-109.82423,2001 to 2010,0.019899999999999998,arizona
278.4,2004,32.0939,-109.88412,2001 to 2010,0.2784,arizona
3.1,2004,32.11288,-109.89265,2001 to 2010,0.0031,arizona
62.4,2004,32.18843,-109.84563,2001 to 2010,0.0624,arizona
160,2009,32.07667,-109.8455,2001 to 2010,0.16,arizona
7645,1962,47.98333,-103.65,1961 to 1970,7.645,north dakota
51000,1914,43.46667,-106.76667,1950 and older,51,wyoming
552,2006,35.37358,-115.34388,2001 to 2010,0.552,california
2070,1971,36.73333,-102.2,1971 to 1980,2.07,oklahoma
3000,1951,37.53333,-98.36667,1951 to 1960,3,kansas
2000,1944,37.38333,-96.86667,1950 and older,2,kansas
7800,1976,29.96667,-98.11667,1971 to 1980,7.8,texas
24000,1928,35.2,-111.4,1950 and older,24,arizona
2100,2002,32.95,-114.666667,2001 to 2010,2.1,california
8732,1950,47.70667,-119.83,1950 and older,8.732,washington:main
74830,1981,44.4,-98.53333,1981 to 1990,74.83,south dakota
48200,1953,42.34667,-90.1675,1951 to 1960,48.2,illinois
3867,1918,35.68333,-82.18333,1950 and older,3.867,north carolina:main
45500,1923,36.5,-99.5,1950 and older,45.5,oklahoma
22700,1858,40.76667,-81.95,1950 and older,22.7,ohio
281.7,1936,40.05,-102.2,1950 and older,0.2817,colorado
3884,1938,40.33083,-102.19583,1950 and older,3.884,colorado
4.5,2011,39.55801,-114.42715,2011 to current day,0.0045,nevada
76000,2007,39.35067,-114.40783,2001 to 2010,76,nevada
5920,1966,38.9,-99.43333,1961 to 1970,5.92,kansas
835,1878,40.75,-97.5,1950 and older,0.835,nebraska
1440,1928,40.86667,-97.6,1950 and older,1.44,nebraska
3500,1957,28.95,-97.40278,1951 to 1960,3.5,texas
140700,1914,31.65,-106.18333,1950 and older,140.7,texas
3,2011,34.8197,-114.2761,2011 to current day,0.003,arizona
25.9,2011,34.82658,-114.27763,2011 to current day,0.0259,arizona
200,2011,34.81923,-114.27735,2011 to current day,0.2,arizona
3000,1919,35,-94.75,1950 and older,3,oklahoma
3700,1955,42.51333,-88.48944,1951 to 1960,3.7,wisconsin
200,1976,33.98333,-115.68333,1971 to 1980,0.2,california
